id,nombre_oficial,alias_busqueda,categoria,ciudad,tipo_busqueda,prioridad,lat,lng,fuente,notas
1,Ciudad del Este,cde,ciudad,Alto Parana,ciudad,85,,,curado_local/manual,
2,Ciudad del Este,ciudad este,ciudad,Alto Parana,ciudad,85,,,curado_local/manual,
3,Ciudad del Este,ciudad del este,ciudad,Alto Parana,ciudad,85,,,curado_local/manual,
4,Ciudad del Este,ciudaddeleste,ciudad,Alto Parana,ciudad,85,,,curado_local/manual,
5,Presidente Franco,presidente franco,ciudad,Alto Parana,ciudad,85,,,curado_local/manual,
6,Presidente Franco,presidentefranco,ciudad,Alto Parana,ciudad,85,,,curado_local/manual,
7,Presidente Franco,pte franco,ciudad,Alto Parana,ciudad,85,,,curado_local/manual,
8,Presidente Franco,ptefranco,ciudad,Alto Parana,ciudad,85,,,curado_local/manual,
9,Hernandarias,hernandarias,ciudad,Alto Parana,ciudad,85,,,curado_local/manual,
10,Minga Guazu,minga guazu,ciudad,Alto Parana,ciudad,85,,,curado_local/manual,
11,Minga Guazu,mingaguazu,ciudad,Alto Parana,ciudad,85,,,curado_local/manual,
12,Los Cedrales,cedrales,ciudad,Alto Parana,ciudad,85,,,curado_local/manual,
13,Los Cedrales,los cedrales,ciudad,Alto Parana,ciudad,85,,,curado_local/manual,
14,Los Cedrales,loscedrales,ciudad,Alto Parana,ciudad,85,,,curado_local/manual,
15,Santa Rita,santa rita,ciudad,Alto Parana,ciudad,85,,,curado_local/manual,
16,Santa Rita,santarita,ciudad,Alto Parana,ciudad,85,,,curado_local/manual,
17,Santa Rita,sta rita,ciudad,Alto Parana,ciudad,85,,,curado_local/manual,
18,Santa Rita,starita,ciudad,Alto Parana,ciudad,85,,,curado_local/manual,
19,Naranjal,naranjal,ciudad,Alto Parana,ciudad,85,,,curado_local/manual,
20,Juan Leon Mallorquin,juan leon mallorquin,ciudad,Alto Parana,ciudad,85,,,curado_local/manual,
21,Juan Leon Mallorquin,juanleonmallorquin,ciudad,Alto Parana,ciudad,85,,,curado_local/manual,
22,Yguazu,yguazu,ciudad,Alto Parana,ciudad,85,,,curado_local/manual,
23,Domingo Martinez de Irala,domingo martinez irala,ciudad,Alto Parana,ciudad,85,,,curado_local/manual,
24,Domingo Martinez de Irala,domingo martinez de irala,ciudad,Alto Parana,ciudad,85,,,curado_local/manual,
25,Domingo Martinez de Irala,domingomartinezdeirala,ciudad,Alto Parana,ciudad,85,,,curado_local/manual,
26,Santa Fe del Parana,santa fe parana,ciudad,Alto Parana,ciudad,85,,,curado_local/manual,
27,Santa Fe del Parana,santa fe del parana,ciudad,Alto Parana,ciudad,85,,,curado_local/manual,
28,Santa Fe del Parana,santafedelparana,ciudad,Alto Parana,ciudad,85,,,curado_local/manual,
29,Santa Fe del Parana,sta fe del parana,ciudad,Alto Parana,ciudad,85,,,curado_local/manual,
30,Santa Fe del Parana,stafedelparana,ciudad,Alto Parana,ciudad,85,,,curado_local/manual,
31,San Alberto,s alberto,ciudad,Alto Parana,ciudad,85,,,curado_local/manual,
32,San Alberto,salberto,ciudad,Alto Parana,ciudad,85,,,curado_local/manual,
33,San Alberto,san alberto,ciudad,Alto Parana,ciudad,85,,,curado_local/manual,
34,San Alberto,sanalberto,ciudad,Alto Parana,ciudad,85,,,curado_local/manual,
35,Itakyry,itakyry,ciudad,Alto Parana,ciudad,85,,,curado_local/manual,
36,Mbaracayu,mbaracayu,ciudad,Alto Parana,ciudad,85,,,curado_local/manual,
37,San Cristobal,s cristobal,ciudad,Alto Parana,ciudad,85,,,curado_local/manual,
38,San Cristobal,san cristobal,ciudad,Alto Parana,ciudad,85,,,curado_local/manual,
39,San Cristobal,sancristobal,ciudad,Alto Parana,ciudad,85,,,curado_local/manual,
40,San Cristobal,scristobal,ciudad,Alto Parana,ciudad,85,,,curado_local/manual,
41,Iruña,iruna,ciudad,Alto Parana,ciudad,85,,,curado_local/manual,
42,Santa Rosa del Monday,santa rosa monday,ciudad,Alto Parana,ciudad,85,,,curado_local/manual,
43,Santa Rosa del Monday,santa rosa del monday,ciudad,Alto Parana,ciudad,85,,,curado_local/manual,
44,Santa Rosa del Monday,santarosadelmonday,ciudad,Alto Parana,ciudad,85,,,curado_local/manual,
45,Santa Rosa del Monday,sta rosa del monday,ciudad,Alto Parana,ciudad,85,,,curado_local/manual,
46,Santa Rosa del Monday,starosadelmonday,ciudad,Alto Parana,ciudad,85,,,curado_local/manual,
47,Tavapy,tavapy,ciudad,Alto Parana,ciudad,85,,,curado_local/manual,
48,Dr. Raul Peña,dr raul pena,ciudad,Alto Parana,ciudad,85,,,curado_local/manual,
49,Dr. Raul Peña,drraulpena,ciudad,Alto Parana,ciudad,85,,,curado_local/manual,
50,Ñacunday,nacunday,ciudad,Alto Parana,ciudad,85,,,curado_local/manual,
51,Centro,centro,barrio_zona,Ciudad del Este,barrio,90,,,curado_local/manual,
52,Microcentro,microcentro,barrio_zona,Ciudad del Este,barrio,90,,,curado_local/manual,
53,Area 1,area 1,barrio_zona,Ciudad del Este,barrio,90,,,curado_local/manual,
54,Area 1,area1,barrio_zona,Ciudad del Este,barrio,90,,,curado_local/manual,
55,Area 2,area 2,barrio_zona,Ciudad del Este,barrio,90,,,curado_local/manual,
56,Area 2,area2,barrio_zona,Ciudad del Este,barrio,90,,,curado_local/manual,
57,Area 3,area 3,barrio_zona,Ciudad del Este,barrio,90,,,curado_local/manual,
58,Area 3,area3,barrio_zona,Ciudad del Este,barrio,90,,,curado_local/manual,
59,Area 4,area 4,barrio_zona,Ciudad del Este,barrio,90,,,curado_local/manual,
60,Area 4,area4,barrio_zona,Ciudad del Este,barrio,90,,,curado_local/manual,
61,Ciudad Nueva,ciudad nueva,barrio_zona,Ciudad del Este,barrio,90,,,curado_local/manual,
62,Ciudad Nueva,ciudadnueva,barrio_zona,Ciudad del Este,barrio,90,,,curado_local/manual,
63,Boqueron,boqueron,barrio_zona,Ciudad del Este,barrio,90,,,curado_local/manual,
64,San Jose,s jose,barrio_zona,Ciudad del Este,barrio,90,,,curado_local/manual,
65,San Jose,san jose,barrio_zona,Ciudad del Este,barrio,90,,,curado_local/manual,
66,San Jose,sanjose,barrio_zona,Ciudad del Este,barrio,90,,,curado_local/manual,
67,San Jose,sjose,barrio_zona,Ciudad del Este,barrio,90,,,curado_local/manual,
68,Don Bosco,don bosco,barrio_zona,Ciudad del Este,barrio,90,,,curado_local/manual,
69,Don Bosco,donbosco,barrio_zona,Ciudad del Este,barrio,90,,,curado_local/manual,
70,Remansito,remansito,barrio_zona,Ciudad del Este,barrio,90,,,curado_local/manual,
71,Pablo Rojas,pablo rojas,barrio_zona,Ciudad del Este,barrio,90,,,curado_local/manual,
72,Pablo Rojas,pablorojas,barrio_zona,Ciudad del Este,barrio,90,,,curado_local/manual,
73,Acaray,acaray,barrio_zona,Ciudad del Este,barrio,90,,,curado_local/manual,
74,Monday,monday,barrio_zona,Ciudad del Este,barrio,90,,,curado_local/manual,
75,San Rafael,s rafael,barrio_zona,Ciudad del Este,barrio,90,,,curado_local/manual,
76,San Rafael,san rafael,barrio_zona,Ciudad del Este,barrio,90,,,curado_local/manual,
77,San Rafael,sanrafael,barrio_zona,Ciudad del Este,barrio,90,,,curado_local/manual,
78,San Rafael,srafael,barrio_zona,Ciudad del Este,barrio,90,,,curado_local/manual,
79,San Miguel,s miguel,barrio_zona,Ciudad del Este,barrio,90,,,curado_local/manual,
80,San Miguel,san miguel,barrio_zona,Ciudad del Este,barrio,90,,,curado_local/manual,
81,San Miguel,sanmiguel,barrio_zona,Ciudad del Este,barrio,90,,,curado_local/manual,
82,San Miguel,smiguel,barrio_zona,Ciudad del Este,barrio,90,,,curado_local/manual,
83,Santa Ana,santa ana,barrio_zona,Ciudad del Este,barrio,90,,,curado_local/manual,
84,Santa Ana,santaana,barrio_zona,Ciudad del Este,barrio,90,,,curado_local/manual,
85,Santa Ana,sta ana,barrio_zona,Ciudad del Este,barrio,90,,,curado_local/manual,
86,Santa Ana,staana,barrio_zona,Ciudad del Este,barrio,90,,,curado_local/manual,
87,San Juan,s juan,barrio_zona,Ciudad del Este,barrio,90,,,curado_local/manual,
88,San Juan,san juan,barrio_zona,Ciudad del Este,barrio,90,,,curado_local/manual,
89,San Juan,sanjuan,barrio_zona,Ciudad del Este,barrio,90,,,curado_local/manual,
90,San Juan,sjuan,barrio_zona,Ciudad del Este,barrio,90,,,curado_local/manual,
91,San Antonio,s antonio,barrio_zona,Ciudad del Este,barrio,90,,,curado_local/manual,
92,San Antonio,san antonio,barrio_zona,Ciudad del Este,barrio,90,,,curado_local/manual,
93,San Antonio,sanantonio,barrio_zona,Ciudad del Este,barrio,90,,,curado_local/manual,
94,San Antonio,santonio,barrio_zona,Ciudad del Este,barrio,90,,,curado_local/manual,
95,San Isidro,s isidro,barrio_zona,Ciudad del Este,barrio,90,,,curado_local/manual,
96,San Isidro,san isidro,barrio_zona,Ciudad del Este,barrio,90,,,curado_local/manual,
97,San Isidro,sanisidro,barrio_zona,Ciudad del Este,barrio,90,,,curado_local/manual,
98,San Isidro,sisidro,barrio_zona,Ciudad del Este,barrio,90,,,curado_local/manual,
99,San Alfredo,s alfredo,barrio_zona,Ciudad del Este,barrio,90,,,curado_local/manual,
100,San Alfredo,salfredo,barrio_zona,Ciudad del Este,barrio,90,,,curado_local/manual,
101,San Alfredo,san alfredo,barrio_zona,Ciudad del Este,barrio,90,,,curado_local/manual,
102,San Alfredo,sanalfredo,barrio_zona,Ciudad del Este,barrio,90,,,curado_local/manual,
103,Villa Fanny,villa fanny,barrio_zona,Ciudad del Este,barrio,90,,,curado_local/manual,
104,Villa Fanny,villafanny,barrio_zona,Ciudad del Este,barrio,90,,,curado_local/manual,
105,Villa Bancaria,villa bancaria,barrio_zona,Ciudad del Este,barrio,90,,,curado_local/manual,
106,Villa Bancaria,villabancaria,barrio_zona,Ciudad del Este,barrio,90,,,curado_local/manual,
107,Jardin del Este,jardin este,barrio_zona,Ciudad del Este,barrio,90,,,curado_local/manual,
108,Jardin del Este,jardin del este,barrio_zona,Ciudad del Este,barrio,90,,,curado_local/manual,
109,Jardin del Este,jardindeleste,barrio_zona,Ciudad del Este,barrio,90,,,curado_local/manual,
110,La Blanca,blanca,barrio_zona,Ciudad del Este,barrio,90,,,curado_local/manual,
111,La Blanca,la blanca,barrio_zona,Ciudad del Este,barrio,90,,,curado_local/manual,
112,La Blanca,lablanca,barrio_zona,Ciudad del Este,barrio,90,,,curado_local/manual,
113,Che La Reina,che reina,barrio_zona,Ciudad del Este,barrio,90,,,curado_local/manual,
114,Che La Reina,che la reina,barrio_zona,Ciudad del Este,barrio,90,,,curado_local/manual,
115,Che La Reina,chelareina,barrio_zona,Ciudad del Este,barrio,90,,,curado_local/manual,
116,29 de Septiembre,29 septiembre,barrio_zona,Ciudad del Este,barrio,90,,,curado_local/manual,
117,29 de Septiembre,29 de septiembre,barrio_zona,Ciudad del Este,barrio,90,,,curado_local/manual,
118,29 de Septiembre,29deseptiembre,barrio_zona,Ciudad del Este,barrio,90,,,curado_local/manual,
119,23 de Octubre,23 octubre,barrio_zona,Ciudad del Este,barrio,90,,,curado_local/manual,
120,23 de Octubre,23 de octubre,barrio_zona,Ciudad del Este,barrio,90,,,curado_local/manual,
121,23 de Octubre,23deoctubre,barrio_zona,Ciudad del Este,barrio,90,,,curado_local/manual,
122,Carolina,carolina,barrio_zona,Ciudad del Este,barrio,90,,,curado_local/manual,
123,Fátima,fatima,barrio_zona,Ciudad del Este,barrio,90,,,curado_local/manual,
124,Obrero,obrero,barrio_zona,Ciudad del Este,barrio,90,,,curado_local/manual,
125,Km 4,km 4,barrio_zona,Ciudad del Este,barrio,90,,,curado_local/manual,
126,Km 4,km4,barrio_zona,Ciudad del Este,barrio,90,,,curado_local/manual,
127,Km 5,km 5,barrio_zona,Ciudad del Este,barrio,90,,,curado_local/manual,
128,Km 5,km5,barrio_zona,Ciudad del Este,barrio,90,,,curado_local/manual,
129,Km 6,km 6,barrio_zona,Ciudad del Este,barrio,90,,,curado_local/manual,
130,Km 6,km6,barrio_zona,Ciudad del Este,barrio,90,,,curado_local/manual,
131,Km 7,km 7,barrio_zona,Ciudad del Este,barrio,90,,,curado_local/manual,
132,Km 7,km7,barrio_zona,Ciudad del Este,barrio,90,,,curado_local/manual,
133,Km 8,km 8,barrio_zona,Ciudad del Este,barrio,90,,,curado_local/manual,
134,Km 8,km8,barrio_zona,Ciudad del Este,barrio,90,,,curado_local/manual,
135,Km 9,km 9,barrio_zona,Ciudad del Este,barrio,90,,,curado_local/manual,
136,Km 9,km9,barrio_zona,Ciudad del Este,barrio,90,,,curado_local/manual,
137,Km 10,km 10,barrio_zona,Ciudad del Este,barrio,90,,,curado_local/manual,
138,Km 10,km10,barrio_zona,Ciudad del Este,barrio,90,,,curado_local/manual,
139,Km 11,km 11,barrio_zona,Ciudad del Este,barrio,90,,,curado_local/manual,
140,Km 11,km11,barrio_zona,Ciudad del Este,barrio,90,,,curado_local/manual,
141,Km 12,km 12,barrio_zona,Ciudad del Este,barrio,90,,,curado_local/manual,
142,Km 12,km12,barrio_zona,Ciudad del Este,barrio,90,,,curado_local/manual,
143,Km 13,km 13,barrio_zona,Ciudad del Este,barrio,90,,,curado_local/manual,
144,Km 13,km13,barrio_zona,Ciudad del Este,barrio,90,,,curado_local/manual,
145,Km 14,km 14,barrio_zona,Ciudad del Este,barrio,90,,,curado_local/manual,
146,Km 14,km14,barrio_zona,Ciudad del Este,barrio,90,,,curado_local/manual,
147,Km 15,km 15,barrio_zona,Ciudad del Este,barrio,90,,,curado_local/manual,
148,Km 15,km15,barrio_zona,Ciudad del Este,barrio,90,,,curado_local/manual,
149,Km 16,km 16,barrio_zona,Ciudad del Este,barrio,90,,,curado_local/manual,
150,Km 16,km16,barrio_zona,Ciudad del Este,barrio,90,,,curado_local/manual,
151,Km 18,km 18,barrio_zona,Ciudad del Este,barrio,90,,,curado_local/manual,
152,Km 18,km18,barrio_zona,Ciudad del Este,barrio,90,,,curado_local/manual,
153,Km 20,km 20,barrio_zona,Ciudad del Este,barrio,90,,,curado_local/manual,
154,Km 20,km20,barrio_zona,Ciudad del Este,barrio,90,,,curado_local/manual,
155,Kilometro 1,km 1,km,Ciudad del Este,km,80,,,generado_por_regla,KM genérico
156,Kilometro 1,km1,km,Ciudad del Este,km,80,,,generado_por_regla,KM genérico
157,Kilometro 1,kilometro 1,km,Ciudad del Este,km,80,,,generado_por_regla,KM genérico
158,Kilometro 1,k 1,km,Ciudad del Este,km,80,,,generado_por_regla,KM genérico
159,Kilometro 1,k1,km,Ciudad del Este,km,80,,,generado_por_regla,KM genérico
160,Kilometro 1,kilometro1,km,Ciudad del Este,km,80,,,generado_por_regla,KM genérico
161,Kilometro 1,1,km,Ciudad del Este,km,80,,,generado_por_regla,KM genérico
162,Kilometro 1 Monday,km 1 monday,km_lado,Ciudad del Este,km_lado,88,,,generado_por_regla,Combinación km + lado local
163,Kilometro 1 Monday,km1 monday,km_lado,Ciudad del Este,km_lado,88,,,generado_por_regla,Combinación km + lado local
164,Kilometro 1 Monday,1 monday,km_lado,Ciudad del Este,km_lado,88,,,generado_por_regla,Combinación km + lado local
165,Kilometro 1 Monday,kilometro 1 monday,km_lado,Ciudad del Este,km_lado,88,,,generado_por_regla,Combinación km + lado local
166,Kilometro 1 Acaray,km 1 acaray,km_lado,Ciudad del Este,km_lado,88,,,generado_por_regla,Combinación km + lado local
167,Kilometro 1 Acaray,km1 acaray,km_lado,Ciudad del Este,km_lado,88,,,generado_por_regla,Combinación km + lado local
168,Kilometro 1 Acaray,1 acaray,km_lado,Ciudad del Este,km_lado,88,,,generado_por_regla,Combinación km + lado local
169,Kilometro 1 Acaray,kilometro 1 acaray,km_lado,Ciudad del Este,km_lado,88,,,generado_por_regla,Combinación km + lado local
170,Kilometro 1 Ruta Py02,km 1 ruta py02,km_lado,Ciudad del Este,km_lado,88,,,generado_por_regla,Combinación km + lado local
171,Kilometro 1 Ruta Py02,km1 ruta py02,km_lado,Ciudad del Este,km_lado,88,,,generado_por_regla,Combinación km + lado local
172,Kilometro 1 Ruta Py02,1 ruta py02,km_lado,Ciudad del Este,km_lado,88,,,generado_por_regla,Combinación km + lado local
173,Kilometro 1 Ruta Py02,kilometro 1 ruta py02,km_lado,Ciudad del Este,km_lado,88,,,generado_por_regla,Combinación km + lado local
174,Kilometro 1 Ruta 2,km 1 ruta 2,km_lado,Ciudad del Este,km_lado,88,,,generado_por_regla,Combinación km + lado local
175,Kilometro 1 Ruta 2,km1 ruta 2,km_lado,Ciudad del Este,km_lado,88,,,generado_por_regla,Combinación km + lado local
176,Kilometro 1 Ruta 2,1 ruta 2,km_lado,Ciudad del Este,km_lado,88,,,generado_por_regla,Combinación km + lado local
177,Kilometro 1 Ruta 2,kilometro 1 ruta 2,km_lado,Ciudad del Este,km_lado,88,,,generado_por_regla,Combinación km + lado local
178,Kilometro 1 Supercarretera,km 1 supercarretera,km_lado,Ciudad del Este,km_lado,88,,,generado_por_regla,Combinación km + lado local
179,Kilometro 1 Supercarretera,km1 supercarretera,km_lado,Ciudad del Este,km_lado,88,,,generado_por_regla,Combinación km + lado local
180,Kilometro 1 Supercarretera,1 supercarretera,km_lado,Ciudad del Este,km_lado,88,,,generado_por_regla,Combinación km + lado local
181,Kilometro 1 Supercarretera,kilometro 1 supercarretera,km_lado,Ciudad del Este,km_lado,88,,,generado_por_regla,Combinación km + lado local
182,Kilometro 1 Avenida San Blas,km 1 avenida san blas,km_lado,Ciudad del Este,km_lado,88,,,generado_por_regla,Combinación km + lado local
183,Kilometro 1 Avenida San Blas,km1 avenida san blas,km_lado,Ciudad del Este,km_lado,88,,,generado_por_regla,Combinación km + lado local
184,Kilometro 1 Avenida San Blas,1 avenida san blas,km_lado,Ciudad del Este,km_lado,88,,,generado_por_regla,Combinación km + lado local
185,Kilometro 1 Avenida San Blas,kilometro 1 avenida san blas,km_lado,Ciudad del Este,km_lado,88,,,generado_por_regla,Combinación km + lado local
186,Kilometro 2,km 2,km,Ciudad del Este,km,80,,,generado_por_regla,KM genérico
187,Kilometro 2,km2,km,Ciudad del Este,km,80,,,generado_por_regla,KM genérico
188,Kilometro 2,kilometro 2,km,Ciudad del Este,km,80,,,generado_por_regla,KM genérico
189,Kilometro 2,k 2,km,Ciudad del Este,km,80,,,generado_por_regla,KM genérico
190,Kilometro 2,k2,km,Ciudad del Este,km,80,,,generado_por_regla,KM genérico
191,Kilometro 2,kilometro2,km,Ciudad del Este,km,80,,,generado_por_regla,KM genérico
192,Kilometro 2,2,km,Ciudad del Este,km,80,,,generado_por_regla,KM genérico
193,Kilometro 2 Monday,km 2 monday,km_lado,Ciudad del Este,km_lado,88,,,generado_por_regla,Combinación km + lado local
194,Kilometro 2 Monday,km2 monday,km_lado,Ciudad del Este,km_lado,88,,,generado_por_regla,Combinación km + lado local
195,Kilometro 2 Monday,2 monday,km_lado,Ciudad del Este,km_lado,88,,,generado_por_regla,Combinación km + lado local
196,Kilometro 2 Monday,kilometro 2 monday,km_lado,Ciudad del Este,km_lado,88,,,generado_por_regla,Combinación km + lado local
197,Kilometro 2 Acaray,km 2 acaray,km_lado,Ciudad del Este,km_lado,88,,,generado_por_regla,Combinación km + lado local
198,Kilometro 2 Acaray,km2 acaray,km_lado,Ciudad del Este,km_lado,88,,,generado_por_regla,Combinación km + lado local
199,Kilometro 2 Acaray,2 acaray,km_lado,Ciudad del Este,km_lado,88,,,generado_por_regla,Combinación km + lado local
200,Kilometro 2 Acaray,kilometro 2 acaray,km_lado,Ciudad del Este,km_lado,88,,,generado_por_regla,Combinación km + lado local
201,Kilometro 2 Ruta Py02,km 2 ruta py02,km_lado,Ciudad del Este,km_lado,88,,,generado_por_regla,Combinación km + lado local
202,Kilometro 2 Ruta Py02,km2 ruta py02,km_lado,Ciudad del Este,km_lado,88,,,generado_por_regla,Combinación km + lado local
203,Kilometro 2 Ruta Py02,2 ruta py02,km_lado,Ciudad del Este,km_lado,88,,,generado_por_regla,Combinación km + lado local
204,Kilometro 2 Ruta Py02,kilometro 2 ruta py02,km_lado,Ciudad del Este,km_lado,88,,,generado_por_regla,Combinación km + lado local
205,Kilometro 2 Ruta 2,km 2 ruta 2,km_lado,Ciudad del Este,km_lado,88,,,generado_por_regla,Combinación km + lado local
206,Kilometro 2 Ruta 2,km2 ruta 2,km_lado,Ciudad del Este,km_lado,88,,,generado_por_regla,Combinación km + lado local
207,Kilometro 2 Ruta 2,2 ruta 2,km_lado,Ciudad del Este,km_lado,88,,,generado_por_regla,Combinación km + lado local
208,Kilometro 2 Ruta 2,kilometro 2 ruta 2,km_lado,Ciudad del Este,km_lado,88,,,generado_por_regla,Combinación km + lado local
209,Kilometro 2 Supercarretera,km 2 supercarretera,km_lado,Ciudad del Este,km_lado,88,,,generado_por_regla,Combinación km + lado local
210,Kilometro 2 Supercarretera,km2 supercarretera,km_lado,Ciudad del Este,km_lado,88,,,generado_por_regla,Combinación km + lado local
211,Kilometro 2 Supercarretera,2 supercarretera,km_lado,Ciudad del Este,km_lado,88,,,generado_por_regla,Combinación km + lado local
212,Kilometro 2 Supercarretera,kilometro 2 supercarretera,km_lado,Ciudad del Este,km_lado,88,,,generado_por_regla,Combinación km + lado local
213,Kilometro 2 Avenida San Blas,km 2 avenida san blas,km_lado,Ciudad del Este,km_lado,88,,,generado_por_regla,Combinación km + lado local
214,Kilometro 2 Avenida San Blas,km2 avenida san blas,km_lado,Ciudad del Este,km_lado,88,,,generado_por_regla,Combinación km + lado local
215,Kilometro 2 Avenida San Blas,2 avenida san blas,km_lado,Ciudad del Este,km_lado,88,,,generado_por_regla,Combinación km + lado local
216,Kilometro 2 Avenida San Blas,kilometro 2 avenida san blas,km_lado,Ciudad del Este,km_lado,88,,,generado_por_regla,Combinación km + lado local
217,Kilometro 3,km 3,km,Ciudad del Este,km,80,,,generado_por_regla,KM genérico
218,Kilometro 3,km3,km,Ciudad del Este,km,80,,,generado_por_regla,KM genérico
219,Kilometro 3,kilometro 3,km,Ciudad del Este,km,80,,,generado_por_regla,KM genérico
220,Kilometro 3,k 3,km,Ciudad del Este,km,80,,,generado_por_regla,KM genérico
221,Kilometro 3,k3,km,Ciudad del Este,km,80,,,generado_por_regla,KM genérico
222,Kilometro 3,kilometro3,km,Ciudad del Este,km,80,,,generado_por_regla,KM genérico
223,Kilometro 3,3,km,Ciudad del Este,km,80,,,generado_por_regla,KM genérico
224,Kilometro 3 Monday,km 3 monday,km_lado,Ciudad del Este,km_lado,88,,,generado_por_regla,Combinación km + lado local
225,Kilometro 3 Monday,km3 monday,km_lado,Ciudad del Este,km_lado,88,,,generado_por_regla,Combinación km + lado local
226,Kilometro 3 Monday,3 monday,km_lado,Ciudad del Este,km_lado,88,,,generado_por_regla,Combinación km + lado local
227,Kilometro 3 Monday,kilometro 3 monday,km_lado,Ciudad del Este,km_lado,88,,,generado_por_regla,Combinación km + lado local
228,Kilometro 3 Acaray,km 3 acaray,km_lado,Ciudad del Este,km_lado,88,,,generado_por_regla,Combinación km + lado local
229,Kilometro 3 Acaray,km3 acaray,km_lado,Ciudad del Este,km_lado,88,,,generado_por_regla,Combinación km + lado local
230,Kilometro 3 Acaray,3 acaray,km_lado,Ciudad del Este,km_lado,88,,,generado_por_regla,Combinación km + lado local
231,Kilometro 3 Acaray,kilometro 3 acaray,km_lado,Ciudad del Este,km_lado,88,,,generado_por_regla,Combinación km + lado local
232,Kilometro 3 Ruta Py02,km 3 ruta py02,km_lado,Ciudad del Este,km_lado,88,,,generado_por_regla,Combinación km + lado local
233,Kilometro 3 Ruta Py02,km3 ruta py02,km_lado,Ciudad del Este,km_lado,88,,,generado_por_regla,Combinación km + lado local
234,Kilometro 3 Ruta Py02,3 ruta py02,km_lado,Ciudad del Este,km_lado,88,,,generado_por_regla,Combinación km + lado local
235,Kilometro 3 Ruta Py02,kilometro 3 ruta py02,km_lado,Ciudad del Este,km_lado,88,,,generado_por_regla,Combinación km + lado local
236,Kilometro 3 Ruta 2,km 3 ruta 2,km_lado,Ciudad del Este,km_lado,88,,,generado_por_regla,Combinación km + lado local
237,Kilometro 3 Ruta 2,km3 ruta 2,km_lado,Ciudad del Este,km_lado,88,,,generado_por_regla,Combinación km + lado local
238,Kilometro 3 Ruta 2,3 ruta 2,km_lado,Ciudad del Este,km_lado,88,,,generado_por_regla,Combinación km + lado local
239,Kilometro 3 Ruta 2,kilometro 3 ruta 2,km_lado,Ciudad del Este,km_lado,88,,,generado_por_regla,Combinación km + lado local
240,Kilometro 3 Supercarretera,km 3 supercarretera,km_lado,Ciudad del Este,km_lado,88,,,generado_por_regla,Combinación km + lado local
241,Kilometro 3 Supercarretera,km3 supercarretera,km_lado,Ciudad del Este,km_lado,88,,,generado_por_regla,Combinación km + lado local
242,Kilometro 3 Supercarretera,3 supercarretera,km_lado,Ciudad del Este,km_lado,88,,,generado_por_regla,Combinación km + lado local
243,Kilometro 3 Supercarretera,kilometro 3 supercarretera,km_lado,Ciudad del Este,km_lado,88,,,generado_por_regla,Combinación km + lado local
244,Kilometro 3 Avenida San Blas,km 3 avenida san blas,km_lado,Ciudad del Este,km_lado,88,,,generado_por_regla,Combinación km + lado local
245,Kilometro 3 Avenida San Blas,km3 avenida san blas,km_lado,Ciudad del Este,km_lado,88,,,generado_por_regla,Combinación km + lado local
246,Kilometro 3 Avenida San Blas,3 avenida san blas,km_lado,Ciudad del Este,km_lado,88,,,generado_por_regla,Combinación km + lado local
247,Kilometro 3 Avenida San Blas,kilometro 3 avenida san blas,km_lado,Ciudad del Este,km_lado,88,,,generado_por_regla,Combinación km + lado local
248,Kilometro 4,km 4,km,Ciudad del Este,km,80,,,generado_por_regla,KM genérico
249,Kilometro 4,km4,km,Ciudad del Este,km,80,,,generado_por_regla,KM genérico
250,Kilometro 4,kilometro 4,km,Ciudad del Este,km,80,,,generado_por_regla,KM genérico
251,Kilometro 4,k 4,km,Ciudad del Este,km,80,,,generado_por_regla,KM genérico
252,Kilometro 4,k4,km,Ciudad del Este,km,80,,,generado_por_regla,KM genérico
253,Kilometro 4,kilometro4,km,Ciudad del Este,km,80,,,generado_por_regla,KM genérico
254,Kilometro 4,4,km,Ciudad del Este,km,80,,,generado_por_regla,KM genérico
255,Kilometro 4 Monday,km 4 monday,km_lado,Ciudad del Este,km_lado,88,,,generado_por_regla,Combinación km + lado local
256,Kilometro 4 Monday,km4 monday,km_lado,Ciudad del Este,km_lado,88,,,generado_por_regla,Combinación km + lado local
257,Kilometro 4 Monday,4 monday,km_lado,Ciudad del Este,km_lado,88,,,generado_por_regla,Combinación km + lado local
258,Kilometro 4 Monday,kilometro 4 monday,km_lado,Ciudad del Este,km_lado,88,,,generado_por_regla,Combinación km + lado local
259,Kilometro 4 Acaray,km 4 acaray,km_lado,Ciudad del Este,km_lado,88,,,generado_por_regla,Combinación km + lado local
260,Kilometro 4 Acaray,km4 acaray,km_lado,Ciudad del Este,km_lado,88,,,generado_por_regla,Combinación km + lado local
261,Kilometro 4 Acaray,4 acaray,km_lado,Ciudad del Este,km_lado,88,,,generado_por_regla,Combinación km + lado local
262,Kilometro 4 Acaray,kilometro 4 acaray,km_lado,Ciudad del Este,km_lado,88,,,generado_por_regla,Combinación km + lado local
263,Kilometro 4 Ruta Py02,km 4 ruta py02,km_lado,Ciudad del Este,km_lado,88,,,generado_por_regla,Combinación km + lado local
264,Kilometro 4 Ruta Py02,km4 ruta py02,km_lado,Ciudad del Este,km_lado,88,,,generado_por_regla,Combinación km + lado local
265,Kilometro 4 Ruta Py02,4 ruta py02,km_lado,Ciudad del Este,km_lado,88,,,generado_por_regla,Combinación km + lado local
266,Kilometro 4 Ruta Py02,kilometro 4 ruta py02,km_lado,Ciudad del Este,km_lado,88,,,generado_por_regla,Combinación km + lado local
267,Kilometro 4 Ruta 2,km 4 ruta 2,km_lado,Ciudad del Este,km_lado,88,,,generado_por_regla,Combinación km + lado local
268,Kilometro 4 Ruta 2,km4 ruta 2,km_lado,Ciudad del Este,km_lado,88,,,generado_por_regla,Combinación km + lado local
269,Kilometro 4 Ruta 2,4 ruta 2,km_lado,Ciudad del Este,km_lado,88,,,generado_por_regla,Combinación km + lado local
270,Kilometro 4 Ruta 2,kilometro 4 ruta 2,km_lado,Ciudad del Este,km_lado,88,,,generado_por_regla,Combinación km + lado local
271,Kilometro 4 Supercarretera,km 4 supercarretera,km_lado,Ciudad del Este,km_lado,88,,,generado_por_regla,Combinación km + lado local
272,Kilometro 4 Supercarretera,km4 supercarretera,km_lado,Ciudad del Este,km_lado,88,,,generado_por_regla,Combinación km + lado local
273,Kilometro 4 Supercarretera,4 supercarretera,km_lado,Ciudad del Este,km_lado,88,,,generado_por_regla,Combinación km + lado local
274,Kilometro 4 Supercarretera,kilometro 4 supercarretera,km_lado,Ciudad del Este,km_lado,88,,,generado_por_regla,Combinación km + lado local
275,Kilometro 4 Avenida San Blas,km 4 avenida san blas,km_lado,Ciudad del Este,km_lado,88,,,generado_por_regla,Combinación km + lado local
276,Kilometro 4 Avenida San Blas,km4 avenida san blas,km_lado,Ciudad del Este,km_lado,88,,,generado_por_regla,Combinación km + lado local
277,Kilometro 4 Avenida San Blas,4 avenida san blas,km_lado,Ciudad del Este,km_lado,88,,,generado_por_regla,Combinación km + lado local
278,Kilometro 4 Avenida San Blas,kilometro 4 avenida san blas,km_lado,Ciudad del Este,km_lado,88,,,generado_por_regla,Combinación km + lado local
279,Kilometro 5,km 5,km,Ciudad del Este,km,80,,,generado_por_regla,KM genérico
280,Kilometro 5,km5,km,Ciudad del Este,km,80,,,generado_por_regla,KM genérico
281,Kilometro 5,kilometro 5,km,Ciudad del Este,km,80,,,generado_por_regla,KM genérico
282,Kilometro 5,k 5,km,Ciudad del Este,km,80,,,generado_por_regla,KM genérico
283,Kilometro 5,k5,km,Ciudad del Este,km,80,,,generado_por_regla,KM genérico
284,Kilometro 5,kilometro5,km,Ciudad del Este,km,80,,,generado_por_regla,KM genérico
285,Kilometro 5,5,km,Ciudad del Este,km,80,,,generado_por_regla,KM genérico
286,Kilometro 5 Monday,km 5 monday,km_lado,Ciudad del Este,km_lado,88,,,generado_por_regla,Combinación km + lado local
287,Kilometro 5 Monday,km5 monday,km_lado,Ciudad del Este,km_lado,88,,,generado_por_regla,Combinación km + lado local
288,Kilometro 5 Monday,5 monday,km_lado,Ciudad del Este,km_lado,88,,,generado_por_regla,Combinación km + lado local
289,Kilometro 5 Monday,kilometro 5 monday,km_lado,Ciudad del Este,km_lado,88,,,generado_por_regla,Combinación km + lado local
290,Kilometro 5 Acaray,km 5 acaray,km_lado,Ciudad del Este,km_lado,88,,,generado_por_regla,Combinación km + lado local
291,Kilometro 5 Acaray,km5 acaray,km_lado,Ciudad del Este,km_lado,88,,,generado_por_regla,Combinación km + lado local
292,Kilometro 5 Acaray,5 acaray,km_lado,Ciudad del Este,km_lado,88,,,generado_por_regla,Combinación km + lado local
293,Kilometro 5 Acaray,kilometro 5 acaray,km_lado,Ciudad del Este,km_lado,88,,,generado_por_regla,Combinación km + lado local
294,Kilometro 5 Ruta Py02,km 5 ruta py02,km_lado,Ciudad del Este,km_lado,88,,,generado_por_regla,Combinación km + lado local
295,Kilometro 5 Ruta Py02,km5 ruta py02,km_lado,Ciudad del Este,km_lado,88,,,generado_por_regla,Combinación km + lado local
296,Kilometro 5 Ruta Py02,5 ruta py02,km_lado,Ciudad del Este,km_lado,88,,,generado_por_regla,Combinación km + lado local
297,Kilometro 5 Ruta Py02,kilometro 5 ruta py02,km_lado,Ciudad del Este,km_lado,88,,,generado_por_regla,Combinación km + lado local
298,Kilometro 5 Ruta 2,km 5 ruta 2,km_lado,Ciudad del Este,km_lado,88,,,generado_por_regla,Combinación km + lado local
299,Kilometro 5 Ruta 2,km5 ruta 2,km_lado,Ciudad del Este,km_lado,88,,,generado_por_regla,Combinación km + lado local
300,Kilometro 5 Ruta 2,5 ruta 2,km_lado,Ciudad del Este,km_lado,88,,,generado_por_regla,Combinación km + lado local
301,Kilometro 5 Ruta 2,kilometro 5 ruta 2,km_lado,Ciudad del Este,km_lado,88,,,generado_por_regla,Combinación km + lado local
302,Kilometro 5 Supercarretera,km 5 supercarretera,km_lado,Ciudad del Este,km_lado,88,,,generado_por_regla,Combinación km + lado local
303,Kilometro 5 Supercarretera,km5 supercarretera,km_lado,Ciudad del Este,km_lado,88,,,generado_por_regla,Combinación km + lado local
304,Kilometro 5 Supercarretera,5 supercarretera,km_lado,Ciudad del Este,km_lado,88,,,generado_por_regla,Combinación km + lado local
305,Kilometro 5 Supercarretera,kilometro 5 supercarretera,km_lado,Ciudad del Este,km_lado,88,,,generado_por_regla,Combinación km + lado local
306,Kilometro 5 Avenida San Blas,km 5 avenida san blas,km_lado,Ciudad del Este,km_lado,88,,,generado_por_regla,Combinación km + lado local
307,Kilometro 5 Avenida San Blas,km5 avenida san blas,km_lado,Ciudad del Este,km_lado,88,,,generado_por_regla,Combinación km + lado local
308,Kilometro 5 Avenida San Blas,5 avenida san blas,km_lado,Ciudad del Este,km_lado,88,,,generado_por_regla,Combinación km + lado local
309,Kilometro 5 Avenida San Blas,kilometro 5 avenida san blas,km_lado,Ciudad del Este,km_lado,88,,,generado_por_regla,Combinación km + lado local
310,Kilometro 6,km 6,km,Ciudad del Este,km,80,,,generado_por_regla,KM genérico
311,Kilometro 6,km6,km,Ciudad del Este,km,80,,,generado_por_regla,KM genérico
312,Kilometro 6,kilometro 6,km,Ciudad del Este,km,80,,,generado_por_regla,KM genérico
313,Kilometro 6,k 6,km,Ciudad del Este,km,80,,,generado_por_regla,KM genérico
314,Kilometro 6,k6,km,Ciudad del Este,km,80,,,generado_por_regla,KM genérico
315,Kilometro 6,kilometro6,km,Ciudad del Este,km,80,,,generado_por_regla,KM genérico
316,Kilometro 6,6,km,Ciudad del Este,km,80,,,generado_por_regla,KM genérico
317,Kilometro 6 Monday,km 6 monday,km_lado,Ciudad del Este,km_lado,88,,,generado_por_regla,Combinación km + lado local
318,Kilometro 6 Monday,km6 monday,km_lado,Ciudad del Este,km_lado,88,,,generado_por_regla,Combinación km + lado local
319,Kilometro 6 Monday,6 monday,km_lado,Ciudad del Este,km_lado,88,,,generado_por_regla,Combinación km + lado local
320,Kilometro 6 Monday,kilometro 6 monday,km_lado,Ciudad del Este,km_lado,88,,,generado_por_regla,Combinación km + lado local
321,Kilometro 6 Acaray,km 6 acaray,km_lado,Ciudad del Este,km_lado,88,,,generado_por_regla,Combinación km + lado local
322,Kilometro 6 Acaray,km6 acaray,km_lado,Ciudad del Este,km_lado,88,,,generado_por_regla,Combinación km + lado local
323,Kilometro 6 Acaray,6 acaray,km_lado,Ciudad del Este,km_lado,88,,,generado_por_regla,Combinación km + lado local
324,Kilometro 6 Acaray,kilometro 6 acaray,km_lado,Ciudad del Este,km_lado,88,,,generado_por_regla,Combinación km + lado local
325,Kilometro 6 Ruta Py02,km 6 ruta py02,km_lado,Ciudad del Este,km_lado,88,,,generado_por_regla,Combinación km + lado local
326,Kilometro 6 Ruta Py02,km6 ruta py02,km_lado,Ciudad del Este,km_lado,88,,,generado_por_regla,Combinación km + lado local
327,Kilometro 6 Ruta Py02,6 ruta py02,km_lado,Ciudad del Este,km_lado,88,,,generado_por_regla,Combinación km + lado local
328,Kilometro 6 Ruta Py02,kilometro 6 ruta py02,km_lado,Ciudad del Este,km_lado,88,,,generado_por_regla,Combinación km + lado local
329,Kilometro 6 Ruta 2,km 6 ruta 2,km_lado,Ciudad del Este,km_lado,88,,,generado_por_regla,Combinación km + lado local
330,Kilometro 6 Ruta 2,km6 ruta 2,km_lado,Ciudad del Este,km_lado,88,,,generado_por_regla,Combinación km + lado local
331,Kilometro 6 Ruta 2,6 ruta 2,km_lado,Ciudad del Este,km_lado,88,,,generado_por_regla,Combinación km + lado local
332,Kilometro 6 Ruta 2,kilometro 6 ruta 2,km_lado,Ciudad del Este,km_lado,88,,,generado_por_regla,Combinación km + lado local
333,Kilometro 6 Supercarretera,km 6 supercarretera,km_lado,Ciudad del Este,km_lado,88,,,generado_por_regla,Combinación km + lado local
334,Kilometro 6 Supercarretera,km6 supercarretera,km_lado,Ciudad del Este,km_lado,88,,,generado_por_regla,Combinación km + lado local
335,Kilometro 6 Supercarretera,6 supercarretera,km_lado,Ciudad del Este,km_lado,88,,,generado_por_regla,Combinación km + lado local
336,Kilometro 6 Supercarretera,kilometro 6 supercarretera,km_lado,Ciudad del Este,km_lado,88,,,generado_por_regla,Combinación km + lado local
337,Kilometro 6 Avenida San Blas,km 6 avenida san blas,km_lado,Ciudad del Este,km_lado,88,,,generado_por_regla,Combinación km + lado local
338,Kilometro 6 Avenida San Blas,km6 avenida san blas,km_lado,Ciudad del Este,km_lado,88,,,generado_por_regla,Combinación km + lado local
339,Kilometro 6 Avenida San Blas,6 avenida san blas,km_lado,Ciudad del Este,km_lado,88,,,generado_por_regla,Combinación km + lado local
340,Kilometro 6 Avenida San Blas,kilometro 6 avenida san blas,km_lado,Ciudad del Este,km_lado,88,,,generado_por_regla,Combinación km + lado local
341,Kilometro 7,km 7,km,Ciudad del Este,km,80,,,generado_por_regla,KM genérico
342,Kilometro 7,km7,km,Ciudad del Este,km,80,,,generado_por_regla,KM genérico
343,Kilometro 7,kilometro 7,km,Ciudad del Este,km,80,,,generado_por_regla,KM genérico
344,Kilometro 7,k 7,km,Ciudad del Este,km,80,,,generado_por_regla,KM genérico
345,Kilometro 7,k7,km,Ciudad del Este,km,80,,,generado_por_regla,KM genérico
346,Kilometro 7,kilometro7,km,Ciudad del Este,km,80,,,generado_por_regla,KM genérico
347,Kilometro 7,7,km,Ciudad del Este,km,80,,,generado_por_regla,KM genérico
348,Kilometro 7 Monday,km 7 monday,km_lado,Ciudad del Este,km_lado,88,,,generado_por_regla,Combinación km + lado local
349,Kilometro 7 Monday,km7 monday,km_lado,Ciudad del Este,km_lado,88,,,generado_por_regla,Combinación km + lado local
350,Kilometro 7 Monday,7 monday,km_lado,Ciudad del Este,km_lado,88,,,generado_por_regla,Combinación km + lado local
351,Kilometro 7 Monday,kilometro 7 monday,km_lado,Ciudad del Este,km_lado,88,,,generado_por_regla,Combinación km + lado local
352,Kilometro 7 Acaray,km 7 acaray,km_lado,Ciudad del Este,km_lado,88,,,generado_por_regla,Combinación km + lado local
353,Kilometro 7 Acaray,km7 acaray,km_lado,Ciudad del Este,km_lado,88,,,generado_por_regla,Combinación km + lado local
354,Kilometro 7 Acaray,7 acaray,km_lado,Ciudad del Este,km_lado,88,,,generado_por_regla,Combinación km + lado local
355,Kilometro 7 Acaray,kilometro 7 acaray,km_lado,Ciudad del Este,km_lado,88,,,generado_por_regla,Combinación km + lado local
356,Kilometro 7 Ruta Py02,km 7 ruta py02,km_lado,Ciudad del Este,km_lado,88,,,generado_por_regla,Combinación km + lado local
357,Kilometro 7 Ruta Py02,km7 ruta py02,km_lado,Ciudad del Este,km_lado,88,,,generado_por_regla,Combinación km + lado local
358,Kilometro 7 Ruta Py02,7 ruta py02,km_lado,Ciudad del Este,km_lado,88,,,generado_por_regla,Combinación km + lado local
359,Kilometro 7 Ruta Py02,kilometro 7 ruta py02,km_lado,Ciudad del Este,km_lado,88,,,generado_por_regla,Combinación km + lado local
360,Kilometro 7 Ruta 2,km 7 ruta 2,km_lado,Ciudad del Este,km_lado,88,,,generado_por_regla,Combinación km + lado local
361,Kilometro 7 Ruta 2,km7 ruta 2,km_lado,Ciudad del Este,km_lado,88,,,generado_por_regla,Combinación km + lado local
362,Kilometro 7 Ruta 2,7 ruta 2,km_lado,Ciudad del Este,km_lado,88,,,generado_por_regla,Combinación km + lado local
363,Kilometro 7 Ruta 2,kilometro 7 ruta 2,km_lado,Ciudad del Este,km_lado,88,,,generado_por_regla,Combinación km + lado local
364,Kilometro 7 Supercarretera,km 7 supercarretera,km_lado,Ciudad del Este,km_lado,88,,,generado_por_regla,Combinación km + lado local
365,Kilometro 7 Supercarretera,km7 supercarretera,km_lado,Ciudad del Este,km_lado,88,,,generado_por_regla,Combinación km + lado local
366,Kilometro 7 Supercarretera,7 supercarretera,km_lado,Ciudad del Este,km_lado,88,,,generado_por_regla,Combinación km + lado local
367,Kilometro 7 Supercarretera,kilometro 7 supercarretera,km_lado,Ciudad del Este,km_lado,88,,,generado_por_regla,Combinación km + lado local
368,Kilometro 7 Avenida San Blas,km 7 avenida san blas,km_lado,Ciudad del Este,km_lado,88,,,generado_por_regla,Combinación km + lado local
369,Kilometro 7 Avenida San Blas,km7 avenida san blas,km_lado,Ciudad del Este,km_lado,88,,,generado_por_regla,Combinación km + lado local
370,Kilometro 7 Avenida San Blas,7 avenida san blas,km_lado,Ciudad del Este,km_lado,88,,,generado_por_regla,Combinación km + lado local
371,Kilometro 7 Avenida San Blas,kilometro 7 avenida san blas,km_lado,Ciudad del Este,km_lado,88,,,generado_por_regla,Combinación km + lado local
372,Kilometro 8,km 8,km,Ciudad del Este,km,80,,,generado_por_regla,KM genérico
373,Kilometro 8,km8,km,Ciudad del Este,km,80,,,generado_por_regla,KM genérico
374,Kilometro 8,kilometro 8,km,Ciudad del Este,km,80,,,generado_por_regla,KM genérico
375,Kilometro 8,k 8,km,Ciudad del Este,km,80,,,generado_por_regla,KM genérico
376,Kilometro 8,k8,km,Ciudad del Este,km,80,,,generado_por_regla,KM genérico
377,Kilometro 8,kilometro8,km,Ciudad del Este,km,80,,,generado_por_regla,KM genérico
378,Kilometro 8,8,km,Ciudad del Este,km,80,,,generado_por_regla,KM genérico
379,Kilometro 8 Monday,km 8 monday,km_lado,Ciudad del Este,km_lado,88,,,generado_por_regla,Combinación km + lado local
380,Kilometro 8 Monday,km8 monday,km_lado,Ciudad del Este,km_lado,88,,,generado_por_regla,Combinación km + lado local
381,Kilometro 8 Monday,8 monday,km_lado,Ciudad del Este,km_lado,88,,,generado_por_regla,Combinación km + lado local
382,Kilometro 8 Monday,kilometro 8 monday,km_lado,Ciudad del Este,km_lado,88,,,generado_por_regla,Combinación km + lado local
383,Kilometro 8 Acaray,km 8 acaray,km_lado,Ciudad del Este,km_lado,88,,,generado_por_regla,Combinación km + lado local
384,Kilometro 8 Acaray,km8 acaray,km_lado,Ciudad del Este,km_lado,88,,,generado_por_regla,Combinación km + lado local
385,Kilometro 8 Acaray,8 acaray,km_lado,Ciudad del Este,km_lado,88,,,generado_por_regla,Combinación km + lado local
386,Kilometro 8 Acaray,kilometro 8 acaray,km_lado,Ciudad del Este,km_lado,88,,,generado_por_regla,Combinación km + lado local
387,Kilometro 8 Ruta Py02,km 8 ruta py02,km_lado,Ciudad del Este,km_lado,88,,,generado_por_regla,Combinación km + lado local
388,Kilometro 8 Ruta Py02,km8 ruta py02,km_lado,Ciudad del Este,km_lado,88,,,generado_por_regla,Combinación km + lado local
389,Kilometro 8 Ruta Py02,8 ruta py02,km_lado,Ciudad del Este,km_lado,88,,,generado_por_regla,Combinación km + lado local
390,Kilometro 8 Ruta Py02,kilometro 8 ruta py02,km_lado,Ciudad del Este,km_lado,88,,,generado_por_regla,Combinación km + lado local
391,Kilometro 8 Ruta 2,km 8 ruta 2,km_lado,Ciudad del Este,km_lado,88,,,generado_por_regla,Combinación km + lado local
392,Kilometro 8 Ruta 2,km8 ruta 2,km_lado,Ciudad del Este,km_lado,88,,,generado_por_regla,Combinación km + lado local
393,Kilometro 8 Ruta 2,8 ruta 2,km_lado,Ciudad del Este,km_lado,88,,,generado_por_regla,Combinación km + lado local
394,Kilometro 8 Ruta 2,kilometro 8 ruta 2,km_lado,Ciudad del Este,km_lado,88,,,generado_por_regla,Combinación km + lado local
395,Kilometro 8 Supercarretera,km 8 supercarretera,km_lado,Ciudad del Este,km_lado,88,,,generado_por_regla,Combinación km + lado local
396,Kilometro 8 Supercarretera,km8 supercarretera,km_lado,Ciudad del Este,km_lado,88,,,generado_por_regla,Combinación km + lado local
397,Kilometro 8 Supercarretera,8 supercarretera,km_lado,Ciudad del Este,km_lado,88,,,generado_por_regla,Combinación km + lado local
398,Kilometro 8 Supercarretera,kilometro 8 supercarretera,km_lado,Ciudad del Este,km_lado,88,,,generado_por_regla,Combinación km + lado local
399,Kilometro 8 Avenida San Blas,km 8 avenida san blas,km_lado,Ciudad del Este,km_lado,88,,,generado_por_regla,Combinación km + lado local
400,Kilometro 8 Avenida San Blas,km8 avenida san blas,km_lado,Ciudad del Este,km_lado,88,,,generado_por_regla,Combinación km + lado local
401,Kilometro 8 Avenida San Blas,8 avenida san blas,km_lado,Ciudad del Este,km_lado,88,,,generado_por_regla,Combinación km + lado local
402,Kilometro 8 Avenida San Blas,kilometro 8 avenida san blas,km_lado,Ciudad del Este,km_lado,88,,,generado_por_regla,Combinación km + lado local
403,Kilometro 9,km 9,km,Ciudad del Este,km,80,,,generado_por_regla,KM genérico
404,Kilometro 9,km9,km,Ciudad del Este,km,80,,,generado_por_regla,KM genérico
405,Kilometro 9,kilometro 9,km,Ciudad del Este,km,80,,,generado_por_regla,KM genérico
406,Kilometro 9,k 9,km,Ciudad del Este,km,80,,,generado_por_regla,KM genérico
407,Kilometro 9,k9,km,Ciudad del Este,km,80,,,generado_por_regla,KM genérico
408,Kilometro 9,kilometro9,km,Ciudad del Este,km,80,,,generado_por_regla,KM genérico
409,Kilometro 9,9,km,Ciudad del Este,km,80,,,generado_por_regla,KM genérico
410,Kilometro 9 Monday,km 9 monday,km_lado,Ciudad del Este,km_lado,88,,,generado_por_regla,Combinación km + lado local
411,Kilometro 9 Monday,km9 monday,km_lado,Ciudad del Este,km_lado,88,,,generado_por_regla,Combinación km + lado local
412,Kilometro 9 Monday,9 monday,km_lado,Ciudad del Este,km_lado,88,,,generado_por_regla,Combinación km + lado local
413,Kilometro 9 Monday,kilometro 9 monday,km_lado,Ciudad del Este,km_lado,88,,,generado_por_regla,Combinación km + lado local
414,Kilometro 9 Acaray,km 9 acaray,km_lado,Ciudad del Este,km_lado,88,,,generado_por_regla,Combinación km + lado local
415,Kilometro 9 Acaray,km9 acaray,km_lado,Ciudad del Este,km_lado,88,,,generado_por_regla,Combinación km + lado local
416,Kilometro 9 Acaray,9 acaray,km_lado,Ciudad del Este,km_lado,88,,,generado_por_regla,Combinación km + lado local
417,Kilometro 9 Acaray,kilometro 9 acaray,km_lado,Ciudad del Este,km_lado,88,,,generado_por_regla,Combinación km + lado local
418,Kilometro 9 Ruta Py02,km 9 ruta py02,km_lado,Ciudad del Este,km_lado,88,,,generado_por_regla,Combinación km + lado local
419,Kilometro 9 Ruta Py02,km9 ruta py02,km_lado,Ciudad del Este,km_lado,88,,,generado_por_regla,Combinación km + lado local
420,Kilometro 9 Ruta Py02,9 ruta py02,km_lado,Ciudad del Este,km_lado,88,,,generado_por_regla,Combinación km + lado local
421,Kilometro 9 Ruta Py02,kilometro 9 ruta py02,km_lado,Ciudad del Este,km_lado,88,,,generado_por_regla,Combinación km + lado local
422,Kilometro 9 Ruta 2,km 9 ruta 2,km_lado,Ciudad del Este,km_lado,88,,,generado_por_regla,Combinación km + lado local
423,Kilometro 9 Ruta 2,km9 ruta 2,km_lado,Ciudad del Este,km_lado,88,,,generado_por_regla,Combinación km + lado local
424,Kilometro 9 Ruta 2,9 ruta 2,km_lado,Ciudad del Este,km_lado,88,,,generado_por_regla,Combinación km + lado local
425,Kilometro 9 Ruta 2,kilometro 9 ruta 2,km_lado,Ciudad del Este,km_lado,88,,,generado_por_regla,Combinación km + lado local
426,Kilometro 9 Supercarretera,km 9 supercarretera,km_lado,Ciudad del Este,km_lado,88,,,generado_por_regla,Combinación km + lado local
427,Kilometro 9 Supercarretera,km9 supercarretera,km_lado,Ciudad del Este,km_lado,88,,,generado_por_regla,Combinación km + lado local
428,Kilometro 9 Supercarretera,9 supercarretera,km_lado,Ciudad del Este,km_lado,88,,,generado_por_regla,Combinación km + lado local
429,Kilometro 9 Supercarretera,kilometro 9 supercarretera,km_lado,Ciudad del Este,km_lado,88,,,generado_por_regla,Combinación km + lado local
430,Kilometro 9 Avenida San Blas,km 9 avenida san blas,km_lado,Ciudad del Este,km_lado,88,,,generado_por_regla,Combinación km + lado local
431,Kilometro 9 Avenida San Blas,km9 avenida san blas,km_lado,Ciudad del Este,km_lado,88,,,generado_por_regla,Combinación km + lado local
432,Kilometro 9 Avenida San Blas,9 avenida san blas,km_lado,Ciudad del Este,km_lado,88,,,generado_por_regla,Combinación km + lado local
433,Kilometro 9 Avenida San Blas,kilometro 9 avenida san blas,km_lado,Ciudad del Este,km_lado,88,,,generado_por_regla,Combinación km + lado local
434,Kilometro 10,km 10,km,Ciudad del Este,km,80,,,generado_por_regla,KM genérico
435,Kilometro 10,km10,km,Ciudad del Este,km,80,,,generado_por_regla,KM genérico
436,Kilometro 10,kilometro 10,km,Ciudad del Este,km,80,,,generado_por_regla,KM genérico
437,Kilometro 10,k 10,km,Ciudad del Este,km,80,,,generado_por_regla,KM genérico
438,Kilometro 10,k10,km,Ciudad del Este,km,80,,,generado_por_regla,KM genérico
439,Kilometro 10,kilometro10,km,Ciudad del Este,km,80,,,generado_por_regla,KM genérico
440,Kilometro 10,10,km,Ciudad del Este,km,80,,,generado_por_regla,KM genérico
441,Kilometro 10 Monday,km 10 monday,km_lado,Ciudad del Este,km_lado,88,,,generado_por_regla,Combinación km + lado local
442,Kilometro 10 Monday,km10 monday,km_lado,Ciudad del Este,km_lado,88,,,generado_por_regla,Combinación km + lado local
443,Kilometro 10 Monday,10 monday,km_lado,Ciudad del Este,km_lado,88,,,generado_por_regla,Combinación km + lado local
444,Kilometro 10 Monday,kilometro 10 monday,km_lado,Ciudad del Este,km_lado,88,,,generado_por_regla,Combinación km + lado local
445,Kilometro 10 Acaray,km 10 acaray,km_lado,Ciudad del Este,km_lado,88,,,generado_por_regla,Combinación km + lado local
446,Kilometro 10 Acaray,km10 acaray,km_lado,Ciudad del Este,km_lado,88,,,generado_por_regla,Combinación km + lado local
447,Kilometro 10 Acaray,10 acaray,km_lado,Ciudad del Este,km_lado,88,,,generado_por_regla,Combinación km + lado local
448,Kilometro 10 Acaray,kilometro 10 acaray,km_lado,Ciudad del Este,km_lado,88,,,generado_por_regla,Combinación km + lado local
449,Kilometro 10 Ruta Py02,km 10 ruta py02,km_lado,Ciudad del Este,km_lado,88,,,generado_por_regla,Combinación km + lado local
450,Kilometro 10 Ruta Py02,km10 ruta py02,km_lado,Ciudad del Este,km_lado,88,,,generado_por_regla,Combinación km + lado local
451,Kilometro 10 Ruta Py02,10 ruta py02,km_lado,Ciudad del Este,km_lado,88,,,generado_por_regla,Combinación km + lado local
452,Kilometro 10 Ruta Py02,kilometro 10 ruta py02,km_lado,Ciudad del Este,km_lado,88,,,generado_por_regla,Combinación km + lado local
453,Kilometro 10 Ruta 2,km 10 ruta 2,km_lado,Ciudad del Este,km_lado,88,,,generado_por_regla,Combinación km + lado local
454,Kilometro 10 Ruta 2,km10 ruta 2,km_lado,Ciudad del Este,km_lado,88,,,generado_por_regla,Combinación km + lado local
455,Kilometro 10 Ruta 2,10 ruta 2,km_lado,Ciudad del Este,km_lado,88,,,generado_por_regla,Combinación km + lado local
456,Kilometro 10 Ruta 2,kilometro 10 ruta 2,km_lado,Ciudad del Este,km_lado,88,,,generado_por_regla,Combinación km + lado local
457,Kilometro 10 Supercarretera,km 10 supercarretera,km_lado,Ciudad del Este,km_lado,88,,,generado_por_regla,Combinación km + lado local
458,Kilometro 10 Supercarretera,km10 supercarretera,km_lado,Ciudad del Este,km_lado,88,,,generado_por_regla,Combinación km + lado local
459,Kilometro 10 Supercarretera,10 supercarretera,km_lado,Ciudad del Este,km_lado,88,,,generado_por_regla,Combinación km + lado local
460,Kilometro 10 Supercarretera,kilometro 10 supercarretera,km_lado,Ciudad del Este,km_lado,88,,,generado_por_regla,Combinación km + lado local
461,Kilometro 10 Avenida San Blas,km 10 avenida san blas,km_lado,Ciudad del Este,km_lado,88,,,generado_por_regla,Combinación km + lado local
462,Kilometro 10 Avenida San Blas,km10 avenida san blas,km_lado,Ciudad del Este,km_lado,88,,,generado_por_regla,Combinación km + lado local
463,Kilometro 10 Avenida San Blas,10 avenida san blas,km_lado,Ciudad del Este,km_lado,88,,,generado_por_regla,Combinación km + lado local
464,Kilometro 10 Avenida San Blas,kilometro 10 avenida san blas,km_lado,Ciudad del Este,km_lado,88,,,generado_por_regla,Combinación km + lado local
465,Kilometro 11,km 11,km,Ciudad del Este,km,80,,,generado_por_regla,KM genérico
466,Kilometro 11,km11,km,Ciudad del Este,km,80,,,generado_por_regla,KM genérico
467,Kilometro 11,kilometro 11,km,Ciudad del Este,km,80,,,generado_por_regla,KM genérico
468,Kilometro 11,k 11,km,Ciudad del Este,km,80,,,generado_por_regla,KM genérico
469,Kilometro 11,k11,km,Ciudad del Este,km,80,,,generado_por_regla,KM genérico
470,Kilometro 11,kilometro11,km,Ciudad del Este,km,80,,,generado_por_regla,KM genérico
471,Kilometro 11,11,km,Ciudad del Este,km,80,,,generado_por_regla,KM genérico
472,Kilometro 11 Monday,km 11 monday,km_lado,Ciudad del Este,km_lado,88,,,generado_por_regla,Combinación km + lado local
473,Kilometro 11 Monday,km11 monday,km_lado,Ciudad del Este,km_lado,88,,,generado_por_regla,Combinación km + lado local
474,Kilometro 11 Monday,11 monday,km_lado,Ciudad del Este,km_lado,88,,,generado_por_regla,Combinación km + lado local
475,Kilometro 11 Monday,kilometro 11 monday,km_lado,Ciudad del Este,km_lado,88,,,generado_por_regla,Combinación km + lado local
476,Kilometro 11 Acaray,km 11 acaray,km_lado,Ciudad del Este,km_lado,88,,,generado_por_regla,Combinación km + lado local
477,Kilometro 11 Acaray,km11 acaray,km_lado,Ciudad del Este,km_lado,88,,,generado_por_regla,Combinación km + lado local
478,Kilometro 11 Acaray,11 acaray,km_lado,Ciudad del Este,km_lado,88,,,generado_por_regla,Combinación km + lado local
479,Kilometro 11 Acaray,kilometro 11 acaray,km_lado,Ciudad del Este,km_lado,88,,,generado_por_regla,Combinación km + lado local
480,Kilometro 11 Ruta Py02,km 11 ruta py02,km_lado,Ciudad del Este,km_lado,88,,,generado_por_regla,Combinación km + lado local
481,Kilometro 11 Ruta Py02,km11 ruta py02,km_lado,Ciudad del Este,km_lado,88,,,generado_por_regla,Combinación km + lado local
482,Kilometro 11 Ruta Py02,11 ruta py02,km_lado,Ciudad del Este,km_lado,88,,,generado_por_regla,Combinación km + lado local
483,Kilometro 11 Ruta Py02,kilometro 11 ruta py02,km_lado,Ciudad del Este,km_lado,88,,,generado_por_regla,Combinación km + lado local
484,Kilometro 11 Ruta 2,km 11 ruta 2,km_lado,Ciudad del Este,km_lado,88,,,generado_por_regla,Combinación km + lado local
485,Kilometro 11 Ruta 2,km11 ruta 2,km_lado,Ciudad del Este,km_lado,88,,,generado_por_regla,Combinación km + lado local
486,Kilometro 11 Ruta 2,11 ruta 2,km_lado,Ciudad del Este,km_lado,88,,,generado_por_regla,Combinación km + lado local
487,Kilometro 11 Ruta 2,kilometro 11 ruta 2,km_lado,Ciudad del Este,km_lado,88,,,generado_por_regla,Combinación km + lado local
488,Kilometro 11 Supercarretera,km 11 supercarretera,km_lado,Ciudad del Este,km_lado,88,,,generado_por_regla,Combinación km + lado local
489,Kilometro 11 Supercarretera,km11 supercarretera,km_lado,Ciudad del Este,km_lado,88,,,generado_por_regla,Combinación km + lado local
490,Kilometro 11 Supercarretera,11 supercarretera,km_lado,Ciudad del Este,km_lado,88,,,generado_por_regla,Combinación km + lado local
491,Kilometro 11 Supercarretera,kilometro 11 supercarretera,km_lado,Ciudad del Este,km_lado,88,,,generado_por_regla,Combinación km + lado local
492,Kilometro 11 Avenida San Blas,km 11 avenida san blas,km_lado,Ciudad del Este,km_lado,88,,,generado_por_regla,Combinación km + lado local
493,Kilometro 11 Avenida San Blas,km11 avenida san blas,km_lado,Ciudad del Este,km_lado,88,,,generado_por_regla,Combinación km + lado local
494,Kilometro 11 Avenida San Blas,11 avenida san blas,km_lado,Ciudad del Este,km_lado,88,,,generado_por_regla,Combinación km + lado local
495,Kilometro 11 Avenida San Blas,kilometro 11 avenida san blas,km_lado,Ciudad del Este,km_lado,88,,,generado_por_regla,Combinación km + lado local
496,Kilometro 12,km 12,km,Ciudad del Este,km,80,,,generado_por_regla,KM genérico
497,Kilometro 12,km12,km,Ciudad del Este,km,80,,,generado_por_regla,KM genérico
498,Kilometro 12,kilometro 12,km,Ciudad del Este,km,80,,,generado_por_regla,KM genérico
499,Kilometro 12,k 12,km,Ciudad del Este,km,80,,,generado_por_regla,KM genérico
500,Kilometro 12,k12,km,Ciudad del Este,km,80,,,generado_por_regla,KM genérico
501,Kilometro 12,kilometro12,km,Ciudad del Este,km,80,,,generado_por_regla,KM genérico
502,Kilometro 12,12,km,Ciudad del Este,km,80,,,generado_por_regla,KM genérico
503,Kilometro 12 Monday,km 12 monday,km_lado,Ciudad del Este,km_lado,88,,,generado_por_regla,Combinación km + lado local
504,Kilometro 12 Monday,km12 monday,km_lado,Ciudad del Este,km_lado,88,,,generado_por_regla,Combinación km + lado local
505,Kilometro 12 Monday,12 monday,km_lado,Ciudad del Este,km_lado,88,,,generado_por_regla,Combinación km + lado local
506,Kilometro 12 Monday,kilometro 12 monday,km_lado,Ciudad del Este,km_lado,88,,,generado_por_regla,Combinación km + lado local
507,Kilometro 12 Acaray,km 12 acaray,km_lado,Ciudad del Este,km_lado,88,,,generado_por_regla,Combinación km + lado local
508,Kilometro 12 Acaray,km12 acaray,km_lado,Ciudad del Este,km_lado,88,,,generado_por_regla,Combinación km + lado local
509,Kilometro 12 Acaray,12 acaray,km_lado,Ciudad del Este,km_lado,88,,,generado_por_regla,Combinación km + lado local
510,Kilometro 12 Acaray,kilometro 12 acaray,km_lado,Ciudad del Este,km_lado,88,,,generado_por_regla,Combinación km + lado local
511,Kilometro 12 Ruta Py02,km 12 ruta py02,km_lado,Ciudad del Este,km_lado,88,,,generado_por_regla,Combinación km + lado local
512,Kilometro 12 Ruta Py02,km12 ruta py02,km_lado,Ciudad del Este,km_lado,88,,,generado_por_regla,Combinación km + lado local
513,Kilometro 12 Ruta Py02,12 ruta py02,km_lado,Ciudad del Este,km_lado,88,,,generado_por_regla,Combinación km + lado local
514,Kilometro 12 Ruta Py02,kilometro 12 ruta py02,km_lado,Ciudad del Este,km_lado,88,,,generado_por_regla,Combinación km + lado local
515,Kilometro 12 Ruta 2,km 12 ruta 2,km_lado,Ciudad del Este,km_lado,88,,,generado_por_regla,Combinación km + lado local
516,Kilometro 12 Ruta 2,km12 ruta 2,km_lado,Ciudad del Este,km_lado,88,,,generado_por_regla,Combinación km + lado local
517,Kilometro 12 Ruta 2,12 ruta 2,km_lado,Ciudad del Este,km_lado,88,,,generado_por_regla,Combinación km + lado local
518,Kilometro 12 Ruta 2,kilometro 12 ruta 2,km_lado,Ciudad del Este,km_lado,88,,,generado_por_regla,Combinación km + lado local
519,Kilometro 12 Supercarretera,km 12 supercarretera,km_lado,Ciudad del Este,km_lado,88,,,generado_por_regla,Combinación km + lado local
520,Kilometro 12 Supercarretera,km12 supercarretera,km_lado,Ciudad del Este,km_lado,88,,,generado_por_regla,Combinación km + lado local
521,Kilometro 12 Supercarretera,12 supercarretera,km_lado,Ciudad del Este,km_lado,88,,,generado_por_regla,Combinación km + lado local
522,Kilometro 12 Supercarretera,kilometro 12 supercarretera,km_lado,Ciudad del Este,km_lado,88,,,generado_por_regla,Combinación km + lado local
523,Kilometro 12 Avenida San Blas,km 12 avenida san blas,km_lado,Ciudad del Este,km_lado,88,,,generado_por_regla,Combinación km + lado local
524,Kilometro 12 Avenida San Blas,km12 avenida san blas,km_lado,Ciudad del Este,km_lado,88,,,generado_por_regla,Combinación km + lado local
525,Kilometro 12 Avenida San Blas,12 avenida san blas,km_lado,Ciudad del Este,km_lado,88,,,generado_por_regla,Combinación km + lado local
526,Kilometro 12 Avenida San Blas,kilometro 12 avenida san blas,km_lado,Ciudad del Este,km_lado,88,,,generado_por_regla,Combinación km + lado local
527,Kilometro 13,km 13,km,Ciudad del Este,km,80,,,generado_por_regla,KM genérico
528,Kilometro 13,km13,km,Ciudad del Este,km,80,,,generado_por_regla,KM genérico
529,Kilometro 13,kilometro 13,km,Ciudad del Este,km,80,,,generado_por_regla,KM genérico
530,Kilometro 13,k 13,km,Ciudad del Este,km,80,,,generado_por_regla,KM genérico
531,Kilometro 13,k13,km,Ciudad del Este,km,80,,,generado_por_regla,KM genérico
532,Kilometro 13,kilometro13,km,Ciudad del Este,km,80,,,generado_por_regla,KM genérico
533,Kilometro 13,13,km,Ciudad del Este,km,80,,,generado_por_regla,KM genérico
534,Kilometro 13 Monday,km 13 monday,km_lado,Ciudad del Este,km_lado,88,,,generado_por_regla,Combinación km + lado local
535,Kilometro 13 Monday,km13 monday,km_lado,Ciudad del Este,km_lado,88,,,generado_por_regla,Combinación km + lado local
536,Kilometro 13 Monday,13 monday,km_lado,Ciudad del Este,km_lado,88,,,generado_por_regla,Combinación km + lado local
537,Kilometro 13 Monday,kilometro 13 monday,km_lado,Ciudad del Este,km_lado,88,,,generado_por_regla,Combinación km + lado local
538,Kilometro 13 Acaray,km 13 acaray,km_lado,Ciudad del Este,km_lado,88,,,generado_por_regla,Combinación km + lado local
539,Kilometro 13 Acaray,km13 acaray,km_lado,Ciudad del Este,km_lado,88,,,generado_por_regla,Combinación km + lado local
540,Kilometro 13 Acaray,13 acaray,km_lado,Ciudad del Este,km_lado,88,,,generado_por_regla,Combinación km + lado local
541,Kilometro 13 Acaray,kilometro 13 acaray,km_lado,Ciudad del Este,km_lado,88,,,generado_por_regla,Combinación km + lado local
542,Kilometro 13 Ruta Py02,km 13 ruta py02,km_lado,Ciudad del Este,km_lado,88,,,generado_por_regla,Combinación km + lado local
543,Kilometro 13 Ruta Py02,km13 ruta py02,km_lado,Ciudad del Este,km_lado,88,,,generado_por_regla,Combinación km + lado local
544,Kilometro 13 Ruta Py02,13 ruta py02,km_lado,Ciudad del Este,km_lado,88,,,generado_por_regla,Combinación km + lado local
545,Kilometro 13 Ruta Py02,kilometro 13 ruta py02,km_lado,Ciudad del Este,km_lado,88,,,generado_por_regla,Combinación km + lado local
546,Kilometro 13 Ruta 2,km 13 ruta 2,km_lado,Ciudad del Este,km_lado,88,,,generado_por_regla,Combinación km + lado local
547,Kilometro 13 Ruta 2,km13 ruta 2,km_lado,Ciudad del Este,km_lado,88,,,generado_por_regla,Combinación km + lado local
548,Kilometro 13 Ruta 2,13 ruta 2,km_lado,Ciudad del Este,km_lado,88,,,generado_por_regla,Combinación km + lado local
549,Kilometro 13 Ruta 2,kilometro 13 ruta 2,km_lado,Ciudad del Este,km_lado,88,,,generado_por_regla,Combinación km + lado local
550,Kilometro 13 Supercarretera,km 13 supercarretera,km_lado,Ciudad del Este,km_lado,88,,,generado_por_regla,Combinación km + lado local
551,Kilometro 13 Supercarretera,km13 supercarretera,km_lado,Ciudad del Este,km_lado,88,,,generado_por_regla,Combinación km + lado local
552,Kilometro 13 Supercarretera,13 supercarretera,km_lado,Ciudad del Este,km_lado,88,,,generado_por_regla,Combinación km + lado local
553,Kilometro 13 Supercarretera,kilometro 13 supercarretera,km_lado,Ciudad del Este,km_lado,88,,,generado_por_regla,Combinación km + lado local
554,Kilometro 13 Avenida San Blas,km 13 avenida san blas,km_lado,Ciudad del Este,km_lado,88,,,generado_por_regla,Combinación km + lado local
555,Kilometro 13 Avenida San Blas,km13 avenida san blas,km_lado,Ciudad del Este,km_lado,88,,,generado_por_regla,Combinación km + lado local
556,Kilometro 13 Avenida San Blas,13 avenida san blas,km_lado,Ciudad del Este,km_lado,88,,,generado_por_regla,Combinación km + lado local
557,Kilometro 13 Avenida San Blas,kilometro 13 avenida san blas,km_lado,Ciudad del Este,km_lado,88,,,generado_por_regla,Combinación km + lado local
558,Kilometro 14,km 14,km,Ciudad del Este,km,80,,,generado_por_regla,KM genérico
559,Kilometro 14,km14,km,Ciudad del Este,km,80,,,generado_por_regla,KM genérico
560,Kilometro 14,kilometro 14,km,Ciudad del Este,km,80,,,generado_por_regla,KM genérico
561,Kilometro 14,k 14,km,Ciudad del Este,km,80,,,generado_por_regla,KM genérico
562,Kilometro 14,k14,km,Ciudad del Este,km,80,,,generado_por_regla,KM genérico
563,Kilometro 14,kilometro14,km,Ciudad del Este,km,80,,,generado_por_regla,KM genérico
564,Kilometro 14,14,km,Ciudad del Este,km,80,,,generado_por_regla,KM genérico
565,Kilometro 14 Monday,km 14 monday,km_lado,Ciudad del Este,km_lado,88,,,generado_por_regla,Combinación km + lado local
566,Kilometro 14 Monday,km14 monday,km_lado,Ciudad del Este,km_lado,88,,,generado_por_regla,Combinación km + lado local
567,Kilometro 14 Monday,14 monday,km_lado,Ciudad del Este,km_lado,88,,,generado_por_regla,Combinación km + lado local
568,Kilometro 14 Monday,kilometro 14 monday,km_lado,Ciudad del Este,km_lado,88,,,generado_por_regla,Combinación km + lado local
569,Kilometro 14 Acaray,km 14 acaray,km_lado,Ciudad del Este,km_lado,88,,,generado_por_regla,Combinación km + lado local
570,Kilometro 14 Acaray,km14 acaray,km_lado,Ciudad del Este,km_lado,88,,,generado_por_regla,Combinación km + lado local
571,Kilometro 14 Acaray,14 acaray,km_lado,Ciudad del Este,km_lado,88,,,generado_por_regla,Combinación km + lado local
572,Kilometro 14 Acaray,kilometro 14 acaray,km_lado,Ciudad del Este,km_lado,88,,,generado_por_regla,Combinación km + lado local
573,Kilometro 14 Ruta Py02,km 14 ruta py02,km_lado,Ciudad del Este,km_lado,88,,,generado_por_regla,Combinación km + lado local
574,Kilometro 14 Ruta Py02,km14 ruta py02,km_lado,Ciudad del Este,km_lado,88,,,generado_por_regla,Combinación km + lado local
575,Kilometro 14 Ruta Py02,14 ruta py02,km_lado,Ciudad del Este,km_lado,88,,,generado_por_regla,Combinación km + lado local
576,Kilometro 14 Ruta Py02,kilometro 14 ruta py02,km_lado,Ciudad del Este,km_lado,88,,,generado_por_regla,Combinación km + lado local
577,Kilometro 14 Ruta 2,km 14 ruta 2,km_lado,Ciudad del Este,km_lado,88,,,generado_por_regla,Combinación km + lado local
578,Kilometro 14 Ruta 2,km14 ruta 2,km_lado,Ciudad del Este,km_lado,88,,,generado_por_regla,Combinación km + lado local
579,Kilometro 14 Ruta 2,14 ruta 2,km_lado,Ciudad del Este,km_lado,88,,,generado_por_regla,Combinación km + lado local
580,Kilometro 14 Ruta 2,kilometro 14 ruta 2,km_lado,Ciudad del Este,km_lado,88,,,generado_por_regla,Combinación km + lado local
581,Kilometro 14 Supercarretera,km 14 supercarretera,km_lado,Ciudad del Este,km_lado,88,,,generado_por_regla,Combinación km + lado local
582,Kilometro 14 Supercarretera,km14 supercarretera,km_lado,Ciudad del Este,km_lado,88,,,generado_por_regla,Combinación km + lado local
583,Kilometro 14 Supercarretera,14 supercarretera,km_lado,Ciudad del Este,km_lado,88,,,generado_por_regla,Combinación km + lado local
584,Kilometro 14 Supercarretera,kilometro 14 supercarretera,km_lado,Ciudad del Este,km_lado,88,,,generado_por_regla,Combinación km + lado local
585,Kilometro 14 Avenida San Blas,km 14 avenida san blas,km_lado,Ciudad del Este,km_lado,88,,,generado_por_regla,Combinación km + lado local
586,Kilometro 14 Avenida San Blas,km14 avenida san blas,km_lado,Ciudad del Este,km_lado,88,,,generado_por_regla,Combinación km + lado local
587,Kilometro 14 Avenida San Blas,14 avenida san blas,km_lado,Ciudad del Este,km_lado,88,,,generado_por_regla,Combinación km + lado local
588,Kilometro 14 Avenida San Blas,kilometro 14 avenida san blas,km_lado,Ciudad del Este,km_lado,88,,,generado_por_regla,Combinación km + lado local
589,Kilometro 15,km 15,km,Ciudad del Este,km,80,,,generado_por_regla,KM genérico
590,Kilometro 15,km15,km,Ciudad del Este,km,80,,,generado_por_regla,KM genérico
591,Kilometro 15,kilometro 15,km,Ciudad del Este,km,80,,,generado_por_regla,KM genérico
592,Kilometro 15,k 15,km,Ciudad del Este,km,80,,,generado_por_regla,KM genérico
593,Kilometro 15,k15,km,Ciudad del Este,km,80,,,generado_por_regla,KM genérico
594,Kilometro 15,kilometro15,km,Ciudad del Este,km,80,,,generado_por_regla,KM genérico
595,Kilometro 15,15,km,Ciudad del Este,km,80,,,generado_por_regla,KM genérico
596,Kilometro 15 Monday,km 15 monday,km_lado,Ciudad del Este,km_lado,88,,,generado_por_regla,Combinación km + lado local
597,Kilometro 15 Monday,km15 monday,km_lado,Ciudad del Este,km_lado,88,,,generado_por_regla,Combinación km + lado local
598,Kilometro 15 Monday,15 monday,km_lado,Ciudad del Este,km_lado,88,,,generado_por_regla,Combinación km + lado local
599,Kilometro 15 Monday,kilometro 15 monday,km_lado,Ciudad del Este,km_lado,88,,,generado_por_regla,Combinación km + lado local
600,Kilometro 15 Acaray,km 15 acaray,km_lado,Ciudad del Este,km_lado,88,,,generado_por_regla,Combinación km + lado local
601,Kilometro 15 Acaray,km15 acaray,km_lado,Ciudad del Este,km_lado,88,,,generado_por_regla,Combinación km + lado local
602,Kilometro 15 Acaray,15 acaray,km_lado,Ciudad del Este,km_lado,88,,,generado_por_regla,Combinación km + lado local
603,Kilometro 15 Acaray,kilometro 15 acaray,km_lado,Ciudad del Este,km_lado,88,,,generado_por_regla,Combinación km + lado local
604,Kilometro 15 Ruta Py02,km 15 ruta py02,km_lado,Ciudad del Este,km_lado,88,,,generado_por_regla,Combinación km + lado local
605,Kilometro 15 Ruta Py02,km15 ruta py02,km_lado,Ciudad del Este,km_lado,88,,,generado_por_regla,Combinación km + lado local
606,Kilometro 15 Ruta Py02,15 ruta py02,km_lado,Ciudad del Este,km_lado,88,,,generado_por_regla,Combinación km + lado local
607,Kilometro 15 Ruta Py02,kilometro 15 ruta py02,km_lado,Ciudad del Este,km_lado,88,,,generado_por_regla,Combinación km + lado local
608,Kilometro 15 Ruta 2,km 15 ruta 2,km_lado,Ciudad del Este,km_lado,88,,,generado_por_regla,Combinación km + lado local
609,Kilometro 15 Ruta 2,km15 ruta 2,km_lado,Ciudad del Este,km_lado,88,,,generado_por_regla,Combinación km + lado local
610,Kilometro 15 Ruta 2,15 ruta 2,km_lado,Ciudad del Este,km_lado,88,,,generado_por_regla,Combinación km + lado local
611,Kilometro 15 Ruta 2,kilometro 15 ruta 2,km_lado,Ciudad del Este,km_lado,88,,,generado_por_regla,Combinación km + lado local
612,Kilometro 15 Supercarretera,km 15 supercarretera,km_lado,Ciudad del Este,km_lado,88,,,generado_por_regla,Combinación km + lado local
613,Kilometro 15 Supercarretera,km15 supercarretera,km_lado,Ciudad del Este,km_lado,88,,,generado_por_regla,Combinación km + lado local
614,Kilometro 15 Supercarretera,15 supercarretera,km_lado,Ciudad del Este,km_lado,88,,,generado_por_regla,Combinación km + lado local
615,Kilometro 15 Supercarretera,kilometro 15 supercarretera,km_lado,Ciudad del Este,km_lado,88,,,generado_por_regla,Combinación km + lado local
616,Kilometro 15 Avenida San Blas,km 15 avenida san blas,km_lado,Ciudad del Este,km_lado,88,,,generado_por_regla,Combinación km + lado local
617,Kilometro 15 Avenida San Blas,km15 avenida san blas,km_lado,Ciudad del Este,km_lado,88,,,generado_por_regla,Combinación km + lado local
618,Kilometro 15 Avenida San Blas,15 avenida san blas,km_lado,Ciudad del Este,km_lado,88,,,generado_por_regla,Combinación km + lado local
619,Kilometro 15 Avenida San Blas,kilometro 15 avenida san blas,km_lado,Ciudad del Este,km_lado,88,,,generado_por_regla,Combinación km + lado local
620,Kilometro 16,km 16,km,Ciudad del Este,km,80,,,generado_por_regla,KM genérico
621,Kilometro 16,km16,km,Ciudad del Este,km,80,,,generado_por_regla,KM genérico
622,Kilometro 16,kilometro 16,km,Ciudad del Este,km,80,,,generado_por_regla,KM genérico
623,Kilometro 16,k 16,km,Ciudad del Este,km,80,,,generado_por_regla,KM genérico
624,Kilometro 16,k16,km,Ciudad del Este,km,80,,,generado_por_regla,KM genérico
625,Kilometro 16,kilometro16,km,Ciudad del Este,km,80,,,generado_por_regla,KM genérico
626,Kilometro 16,16,km,Ciudad del Este,km,80,,,generado_por_regla,KM genérico
627,Kilometro 16 Monday,km 16 monday,km_lado,Ciudad del Este,km_lado,88,,,generado_por_regla,Combinación km + lado local
628,Kilometro 16 Monday,km16 monday,km_lado,Ciudad del Este,km_lado,88,,,generado_por_regla,Combinación km + lado local
629,Kilometro 16 Monday,16 monday,km_lado,Ciudad del Este,km_lado,88,,,generado_por_regla,Combinación km + lado local
630,Kilometro 16 Monday,kilometro 16 monday,km_lado,Ciudad del Este,km_lado,88,,,generado_por_regla,Combinación km + lado local
631,Kilometro 16 Acaray,km 16 acaray,km_lado,Ciudad del Este,km_lado,88,,,generado_por_regla,Combinación km + lado local
632,Kilometro 16 Acaray,km16 acaray,km_lado,Ciudad del Este,km_lado,88,,,generado_por_regla,Combinación km + lado local
633,Kilometro 16 Acaray,16 acaray,km_lado,Ciudad del Este,km_lado,88,,,generado_por_regla,Combinación km + lado local
634,Kilometro 16 Acaray,kilometro 16 acaray,km_lado,Ciudad del Este,km_lado,88,,,generado_por_regla,Combinación km + lado local
635,Kilometro 16 Ruta Py02,km 16 ruta py02,km_lado,Ciudad del Este,km_lado,88,,,generado_por_regla,Combinación km + lado local
636,Kilometro 16 Ruta Py02,km16 ruta py02,km_lado,Ciudad del Este,km_lado,88,,,generado_por_regla,Combinación km + lado local
637,Kilometro 16 Ruta Py02,16 ruta py02,km_lado,Ciudad del Este,km_lado,88,,,generado_por_regla,Combinación km + lado local
638,Kilometro 16 Ruta Py02,kilometro 16 ruta py02,km_lado,Ciudad del Este,km_lado,88,,,generado_por_regla,Combinación km + lado local
639,Kilometro 16 Ruta 2,km 16 ruta 2,km_lado,Ciudad del Este,km_lado,88,,,generado_por_regla,Combinación km + lado local
640,Kilometro 16 Ruta 2,km16 ruta 2,km_lado,Ciudad del Este,km_lado,88,,,generado_por_regla,Combinación km + lado local
641,Kilometro 16 Ruta 2,16 ruta 2,km_lado,Ciudad del Este,km_lado,88,,,generado_por_regla,Combinación km + lado local
642,Kilometro 16 Ruta 2,kilometro 16 ruta 2,km_lado,Ciudad del Este,km_lado,88,,,generado_por_regla,Combinación km + lado local
643,Kilometro 16 Supercarretera,km 16 supercarretera,km_lado,Ciudad del Este,km_lado,88,,,generado_por_regla,Combinación km + lado local
644,Kilometro 16 Supercarretera,km16 supercarretera,km_lado,Ciudad del Este,km_lado,88,,,generado_por_regla,Combinación km + lado local
645,Kilometro 16 Supercarretera,16 supercarretera,km_lado,Ciudad del Este,km_lado,88,,,generado_por_regla,Combinación km + lado local
646,Kilometro 16 Supercarretera,kilometro 16 supercarretera,km_lado,Ciudad del Este,km_lado,88,,,generado_por_regla,Combinación km + lado local
647,Kilometro 16 Avenida San Blas,km 16 avenida san blas,km_lado,Ciudad del Este,km_lado,88,,,generado_por_regla,Combinación km + lado local
648,Kilometro 16 Avenida San Blas,km16 avenida san blas,km_lado,Ciudad del Este,km_lado,88,,,generado_por_regla,Combinación km + lado local
649,Kilometro 16 Avenida San Blas,16 avenida san blas,km_lado,Ciudad del Este,km_lado,88,,,generado_por_regla,Combinación km + lado local
650,Kilometro 16 Avenida San Blas,kilometro 16 avenida san blas,km_lado,Ciudad del Este,km_lado,88,,,generado_por_regla,Combinación km + lado local
651,Kilometro 17,km 17,km,Ciudad del Este,km,80,,,generado_por_regla,KM genérico
652,Kilometro 17,km17,km,Ciudad del Este,km,80,,,generado_por_regla,KM genérico
653,Kilometro 17,kilometro 17,km,Ciudad del Este,km,80,,,generado_por_regla,KM genérico
654,Kilometro 17,k 17,km,Ciudad del Este,km,80,,,generado_por_regla,KM genérico
655,Kilometro 17,k17,km,Ciudad del Este,km,80,,,generado_por_regla,KM genérico
656,Kilometro 17,kilometro17,km,Ciudad del Este,km,80,,,generado_por_regla,KM genérico
657,Kilometro 17,17,km,Ciudad del Este,km,80,,,generado_por_regla,KM genérico
658,Kilometro 17 Monday,km 17 monday,km_lado,Ciudad del Este,km_lado,88,,,generado_por_regla,Combinación km + lado local
659,Kilometro 17 Monday,km17 monday,km_lado,Ciudad del Este,km_lado,88,,,generado_por_regla,Combinación km + lado local
660,Kilometro 17 Monday,17 monday,km_lado,Ciudad del Este,km_lado,88,,,generado_por_regla,Combinación km + lado local
661,Kilometro 17 Monday,kilometro 17 monday,km_lado,Ciudad del Este,km_lado,88,,,generado_por_regla,Combinación km + lado local
662,Kilometro 17 Acaray,km 17 acaray,km_lado,Ciudad del Este,km_lado,88,,,generado_por_regla,Combinación km + lado local
663,Kilometro 17 Acaray,km17 acaray,km_lado,Ciudad del Este,km_lado,88,,,generado_por_regla,Combinación km + lado local
664,Kilometro 17 Acaray,17 acaray,km_lado,Ciudad del Este,km_lado,88,,,generado_por_regla,Combinación km + lado local
665,Kilometro 17 Acaray,kilometro 17 acaray,km_lado,Ciudad del Este,km_lado,88,,,generado_por_regla,Combinación km + lado local
666,Kilometro 17 Ruta Py02,km 17 ruta py02,km_lado,Ciudad del Este,km_lado,88,,,generado_por_regla,Combinación km + lado local
667,Kilometro 17 Ruta Py02,km17 ruta py02,km_lado,Ciudad del Este,km_lado,88,,,generado_por_regla,Combinación km + lado local
668,Kilometro 17 Ruta Py02,17 ruta py02,km_lado,Ciudad del Este,km_lado,88,,,generado_por_regla,Combinación km + lado local
669,Kilometro 17 Ruta Py02,kilometro 17 ruta py02,km_lado,Ciudad del Este,km_lado,88,,,generado_por_regla,Combinación km + lado local
670,Kilometro 17 Ruta 2,km 17 ruta 2,km_lado,Ciudad del Este,km_lado,88,,,generado_por_regla,Combinación km + lado local
671,Kilometro 17 Ruta 2,km17 ruta 2,km_lado,Ciudad del Este,km_lado,88,,,generado_por_regla,Combinación km + lado local
672,Kilometro 17 Ruta 2,17 ruta 2,km_lado,Ciudad del Este,km_lado,88,,,generado_por_regla,Combinación km + lado local
673,Kilometro 17 Ruta 2,kilometro 17 ruta 2,km_lado,Ciudad del Este,km_lado,88,,,generado_por_regla,Combinación km + lado local
674,Kilometro 17 Supercarretera,km 17 supercarretera,km_lado,Ciudad del Este,km_lado,88,,,generado_por_regla,Combinación km + lado local
675,Kilometro 17 Supercarretera,km17 supercarretera,km_lado,Ciudad del Este,km_lado,88,,,generado_por_regla,Combinación km + lado local
676,Kilometro 17 Supercarretera,17 supercarretera,km_lado,Ciudad del Este,km_lado,88,,,generado_por_regla,Combinación km + lado local
677,Kilometro 17 Supercarretera,kilometro 17 supercarretera,km_lado,Ciudad del Este,km_lado,88,,,generado_por_regla,Combinación km + lado local
678,Kilometro 17 Avenida San Blas,km 17 avenida san blas,km_lado,Ciudad del Este,km_lado,88,,,generado_por_regla,Combinación km + lado local
679,Kilometro 17 Avenida San Blas,km17 avenida san blas,km_lado,Ciudad del Este,km_lado,88,,,generado_por_regla,Combinación km + lado local
680,Kilometro 17 Avenida San Blas,17 avenida san blas,km_lado,Ciudad del Este,km_lado,88,,,generado_por_regla,Combinación km + lado local
681,Kilometro 17 Avenida San Blas,kilometro 17 avenida san blas,km_lado,Ciudad del Este,km_lado,88,,,generado_por_regla,Combinación km + lado local
682,Kilometro 18,km 18,km,Ciudad del Este,km,80,,,generado_por_regla,KM genérico
683,Kilometro 18,km18,km,Ciudad del Este,km,80,,,generado_por_regla,KM genérico
684,Kilometro 18,kilometro 18,km,Ciudad del Este,km,80,,,generado_por_regla,KM genérico
685,Kilometro 18,k 18,km,Ciudad del Este,km,80,,,generado_por_regla,KM genérico
686,Kilometro 18,k18,km,Ciudad del Este,km,80,,,generado_por_regla,KM genérico
687,Kilometro 18,kilometro18,km,Ciudad del Este,km,80,,,generado_por_regla,KM genérico
688,Kilometro 18,18,km,Ciudad del Este,km,80,,,generado_por_regla,KM genérico
689,Kilometro 18 Monday,km 18 monday,km_lado,Ciudad del Este,km_lado,88,,,generado_por_regla,Combinación km + lado local
690,Kilometro 18 Monday,km18 monday,km_lado,Ciudad del Este,km_lado,88,,,generado_por_regla,Combinación km + lado local
691,Kilometro 18 Monday,18 monday,km_lado,Ciudad del Este,km_lado,88,,,generado_por_regla,Combinación km + lado local
692,Kilometro 18 Monday,kilometro 18 monday,km_lado,Ciudad del Este,km_lado,88,,,generado_por_regla,Combinación km + lado local
693,Kilometro 18 Acaray,km 18 acaray,km_lado,Ciudad del Este,km_lado,88,,,generado_por_regla,Combinación km + lado local
694,Kilometro 18 Acaray,km18 acaray,km_lado,Ciudad del Este,km_lado,88,,,generado_por_regla,Combinación km + lado local
695,Kilometro 18 Acaray,18 acaray,km_lado,Ciudad del Este,km_lado,88,,,generado_por_regla,Combinación km + lado local
696,Kilometro 18 Acaray,kilometro 18 acaray,km_lado,Ciudad del Este,km_lado,88,,,generado_por_regla,Combinación km + lado local
697,Kilometro 18 Ruta Py02,km 18 ruta py02,km_lado,Ciudad del Este,km_lado,88,,,generado_por_regla,Combinación km + lado local
698,Kilometro 18 Ruta Py02,km18 ruta py02,km_lado,Ciudad del Este,km_lado,88,,,generado_por_regla,Combinación km + lado local
699,Kilometro 18 Ruta Py02,18 ruta py02,km_lado,Ciudad del Este,km_lado,88,,,generado_por_regla,Combinación km + lado local
700,Kilometro 18 Ruta Py02,kilometro 18 ruta py02,km_lado,Ciudad del Este,km_lado,88,,,generado_por_regla,Combinación km + lado local
701,Kilometro 18 Ruta 2,km 18 ruta 2,km_lado,Ciudad del Este,km_lado,88,,,generado_por_regla,Combinación km + lado local
702,Kilometro 18 Ruta 2,km18 ruta 2,km_lado,Ciudad del Este,km_lado,88,,,generado_por_regla,Combinación km + lado local
703,Kilometro 18 Ruta 2,18 ruta 2,km_lado,Ciudad del Este,km_lado,88,,,generado_por_regla,Combinación km + lado local
704,Kilometro 18 Ruta 2,kilometro 18 ruta 2,km_lado,Ciudad del Este,km_lado,88,,,generado_por_regla,Combinación km + lado local
705,Kilometro 18 Supercarretera,km 18 supercarretera,km_lado,Ciudad del Este,km_lado,88,,,generado_por_regla,Combinación km + lado local
706,Kilometro 18 Supercarretera,km18 supercarretera,km_lado,Ciudad del Este,km_lado,88,,,generado_por_regla,Combinación km + lado local
707,Kilometro 18 Supercarretera,18 supercarretera,km_lado,Ciudad del Este,km_lado,88,,,generado_por_regla,Combinación km + lado local
708,Kilometro 18 Supercarretera,kilometro 18 supercarretera,km_lado,Ciudad del Este,km_lado,88,,,generado_por_regla,Combinación km + lado local
709,Kilometro 18 Avenida San Blas,km 18 avenida san blas,km_lado,Ciudad del Este,km_lado,88,,,generado_por_regla,Combinación km + lado local
710,Kilometro 18 Avenida San Blas,km18 avenida san blas,km_lado,Ciudad del Este,km_lado,88,,,generado_por_regla,Combinación km + lado local
711,Kilometro 18 Avenida San Blas,18 avenida san blas,km_lado,Ciudad del Este,km_lado,88,,,generado_por_regla,Combinación km + lado local
712,Kilometro 18 Avenida San Blas,kilometro 18 avenida san blas,km_lado,Ciudad del Este,km_lado,88,,,generado_por_regla,Combinación km + lado local
713,Kilometro 19,km 19,km,Ciudad del Este,km,80,,,generado_por_regla,KM genérico
714,Kilometro 19,km19,km,Ciudad del Este,km,80,,,generado_por_regla,KM genérico
715,Kilometro 19,kilometro 19,km,Ciudad del Este,km,80,,,generado_por_regla,KM genérico
716,Kilometro 19,k 19,km,Ciudad del Este,km,80,,,generado_por_regla,KM genérico
717,Kilometro 19,k19,km,Ciudad del Este,km,80,,,generado_por_regla,KM genérico
718,Kilometro 19,kilometro19,km,Ciudad del Este,km,80,,,generado_por_regla,KM genérico
719,Kilometro 19,19,km,Ciudad del Este,km,80,,,generado_por_regla,KM genérico
720,Kilometro 19 Monday,km 19 monday,km_lado,Ciudad del Este,km_lado,88,,,generado_por_regla,Combinación km + lado local
721,Kilometro 19 Monday,km19 monday,km_lado,Ciudad del Este,km_lado,88,,,generado_por_regla,Combinación km + lado local
722,Kilometro 19 Monday,19 monday,km_lado,Ciudad del Este,km_lado,88,,,generado_por_regla,Combinación km + lado local
723,Kilometro 19 Monday,kilometro 19 monday,km_lado,Ciudad del Este,km_lado,88,,,generado_por_regla,Combinación km + lado local
724,Kilometro 19 Acaray,km 19 acaray,km_lado,Ciudad del Este,km_lado,88,,,generado_por_regla,Combinación km + lado local
725,Kilometro 19 Acaray,km19 acaray,km_lado,Ciudad del Este,km_lado,88,,,generado_por_regla,Combinación km + lado local
726,Kilometro 19 Acaray,19 acaray,km_lado,Ciudad del Este,km_lado,88,,,generado_por_regla,Combinación km + lado local
727,Kilometro 19 Acaray,kilometro 19 acaray,km_lado,Ciudad del Este,km_lado,88,,,generado_por_regla,Combinación km + lado local
728,Kilometro 19 Ruta Py02,km 19 ruta py02,km_lado,Ciudad del Este,km_lado,88,,,generado_por_regla,Combinación km + lado local
729,Kilometro 19 Ruta Py02,km19 ruta py02,km_lado,Ciudad del Este,km_lado,88,,,generado_por_regla,Combinación km + lado local
730,Kilometro 19 Ruta Py02,19 ruta py02,km_lado,Ciudad del Este,km_lado,88,,,generado_por_regla,Combinación km + lado local
731,Kilometro 19 Ruta Py02,kilometro 19 ruta py02,km_lado,Ciudad del Este,km_lado,88,,,generado_por_regla,Combinación km + lado local
732,Kilometro 19 Ruta 2,km 19 ruta 2,km_lado,Ciudad del Este,km_lado,88,,,generado_por_regla,Combinación km + lado local
733,Kilometro 19 Ruta 2,km19 ruta 2,km_lado,Ciudad del Este,km_lado,88,,,generado_por_regla,Combinación km + lado local
734,Kilometro 19 Ruta 2,19 ruta 2,km_lado,Ciudad del Este,km_lado,88,,,generado_por_regla,Combinación km + lado local
735,Kilometro 19 Ruta 2,kilometro 19 ruta 2,km_lado,Ciudad del Este,km_lado,88,,,generado_por_regla,Combinación km + lado local
736,Kilometro 19 Supercarretera,km 19 supercarretera,km_lado,Ciudad del Este,km_lado,88,,,generado_por_regla,Combinación km + lado local
737,Kilometro 19 Supercarretera,km19 supercarretera,km_lado,Ciudad del Este,km_lado,88,,,generado_por_regla,Combinación km + lado local
738,Kilometro 19 Supercarretera,19 supercarretera,km_lado,Ciudad del Este,km_lado,88,,,generado_por_regla,Combinación km + lado local
739,Kilometro 19 Supercarretera,kilometro 19 supercarretera,km_lado,Ciudad del Este,km_lado,88,,,generado_por_regla,Combinación km + lado local
740,Kilometro 19 Avenida San Blas,km 19 avenida san blas,km_lado,Ciudad del Este,km_lado,88,,,generado_por_regla,Combinación km + lado local
741,Kilometro 19 Avenida San Blas,km19 avenida san blas,km_lado,Ciudad del Este,km_lado,88,,,generado_por_regla,Combinación km + lado local
742,Kilometro 19 Avenida San Blas,19 avenida san blas,km_lado,Ciudad del Este,km_lado,88,,,generado_por_regla,Combinación km + lado local
743,Kilometro 19 Avenida San Blas,kilometro 19 avenida san blas,km_lado,Ciudad del Este,km_lado,88,,,generado_por_regla,Combinación km + lado local
744,Kilometro 20,km 20,km,Ciudad del Este,km,80,,,generado_por_regla,KM genérico
745,Kilometro 20,km20,km,Ciudad del Este,km,80,,,generado_por_regla,KM genérico
746,Kilometro 20,kilometro 20,km,Ciudad del Este,km,80,,,generado_por_regla,KM genérico
747,Kilometro 20,k 20,km,Ciudad del Este,km,80,,,generado_por_regla,KM genérico
748,Kilometro 20,k20,km,Ciudad del Este,km,80,,,generado_por_regla,KM genérico
749,Kilometro 20,kilometro20,km,Ciudad del Este,km,80,,,generado_por_regla,KM genérico
750,Kilometro 20,20,km,Ciudad del Este,km,80,,,generado_por_regla,KM genérico
751,Kilometro 20 Monday,km 20 monday,km_lado,Ciudad del Este,km_lado,88,,,generado_por_regla,Combinación km + lado local
752,Kilometro 20 Monday,km20 monday,km_lado,Ciudad del Este,km_lado,88,,,generado_por_regla,Combinación km + lado local
753,Kilometro 20 Monday,20 monday,km_lado,Ciudad del Este,km_lado,88,,,generado_por_regla,Combinación km + lado local
754,Kilometro 20 Monday,kilometro 20 monday,km_lado,Ciudad del Este,km_lado,88,,,generado_por_regla,Combinación km + lado local
755,Kilometro 20 Acaray,km 20 acaray,km_lado,Ciudad del Este,km_lado,88,,,generado_por_regla,Combinación km + lado local
756,Kilometro 20 Acaray,km20 acaray,km_lado,Ciudad del Este,km_lado,88,,,generado_por_regla,Combinación km + lado local
757,Kilometro 20 Acaray,20 acaray,km_lado,Ciudad del Este,km_lado,88,,,generado_por_regla,Combinación km + lado local
758,Kilometro 20 Acaray,kilometro 20 acaray,km_lado,Ciudad del Este,km_lado,88,,,generado_por_regla,Combinación km + lado local
759,Kilometro 20 Ruta Py02,km 20 ruta py02,km_lado,Ciudad del Este,km_lado,88,,,generado_por_regla,Combinación km + lado local
760,Kilometro 20 Ruta Py02,km20 ruta py02,km_lado,Ciudad del Este,km_lado,88,,,generado_por_regla,Combinación km + lado local
761,Kilometro 20 Ruta Py02,20 ruta py02,km_lado,Ciudad del Este,km_lado,88,,,generado_por_regla,Combinación km + lado local
762,Kilometro 20 Ruta Py02,kilometro 20 ruta py02,km_lado,Ciudad del Este,km_lado,88,,,generado_por_regla,Combinación km + lado local
763,Kilometro 20 Ruta 2,km 20 ruta 2,km_lado,Ciudad del Este,km_lado,88,,,generado_por_regla,Combinación km + lado local
764,Kilometro 20 Ruta 2,km20 ruta 2,km_lado,Ciudad del Este,km_lado,88,,,generado_por_regla,Combinación km + lado local
765,Kilometro 20 Ruta 2,20 ruta 2,km_lado,Ciudad del Este,km_lado,88,,,generado_por_regla,Combinación km + lado local
766,Kilometro 20 Ruta 2,kilometro 20 ruta 2,km_lado,Ciudad del Este,km_lado,88,,,generado_por_regla,Combinación km + lado local
767,Kilometro 20 Supercarretera,km 20 supercarretera,km_lado,Ciudad del Este,km_lado,88,,,generado_por_regla,Combinación km + lado local
768,Kilometro 20 Supercarretera,km20 supercarretera,km_lado,Ciudad del Este,km_lado,88,,,generado_por_regla,Combinación km + lado local
769,Kilometro 20 Supercarretera,20 supercarretera,km_lado,Ciudad del Este,km_lado,88,,,generado_por_regla,Combinación km + lado local
770,Kilometro 20 Supercarretera,kilometro 20 supercarretera,km_lado,Ciudad del Este,km_lado,88,,,generado_por_regla,Combinación km + lado local
771,Kilometro 20 Avenida San Blas,km 20 avenida san blas,km_lado,Ciudad del Este,km_lado,88,,,generado_por_regla,Combinación km + lado local
772,Kilometro 20 Avenida San Blas,km20 avenida san blas,km_lado,Ciudad del Este,km_lado,88,,,generado_por_regla,Combinación km + lado local
773,Kilometro 20 Avenida San Blas,20 avenida san blas,km_lado,Ciudad del Este,km_lado,88,,,generado_por_regla,Combinación km + lado local
774,Kilometro 20 Avenida San Blas,kilometro 20 avenida san blas,km_lado,Ciudad del Este,km_lado,88,,,generado_por_regla,Combinación km + lado local
775,Kilometro 21,km 21,km,Ciudad del Este,km,80,,,generado_por_regla,KM genérico
776,Kilometro 21,km21,km,Ciudad del Este,km,80,,,generado_por_regla,KM genérico
777,Kilometro 21,kilometro 21,km,Ciudad del Este,km,80,,,generado_por_regla,KM genérico
778,Kilometro 21,k 21,km,Ciudad del Este,km,80,,,generado_por_regla,KM genérico
779,Kilometro 21,k21,km,Ciudad del Este,km,80,,,generado_por_regla,KM genérico
780,Kilometro 21,kilometro21,km,Ciudad del Este,km,80,,,generado_por_regla,KM genérico
781,Kilometro 21,21,km,Ciudad del Este,km,80,,,generado_por_regla,KM genérico
782,Kilometro 21 Monday,km 21 monday,km_lado,Ciudad del Este,km_lado,88,,,generado_por_regla,Combinación km + lado local
783,Kilometro 21 Monday,km21 monday,km_lado,Ciudad del Este,km_lado,88,,,generado_por_regla,Combinación km + lado local
784,Kilometro 21 Monday,21 monday,km_lado,Ciudad del Este,km_lado,88,,,generado_por_regla,Combinación km + lado local
785,Kilometro 21 Monday,kilometro 21 monday,km_lado,Ciudad del Este,km_lado,88,,,generado_por_regla,Combinación km + lado local
786,Kilometro 21 Acaray,km 21 acaray,km_lado,Ciudad del Este,km_lado,88,,,generado_por_regla,Combinación km + lado local
787,Kilometro 21 Acaray,km21 acaray,km_lado,Ciudad del Este,km_lado,88,,,generado_por_regla,Combinación km + lado local
788,Kilometro 21 Acaray,21 acaray,km_lado,Ciudad del Este,km_lado,88,,,generado_por_regla,Combinación km + lado local
789,Kilometro 21 Acaray,kilometro 21 acaray,km_lado,Ciudad del Este,km_lado,88,,,generado_por_regla,Combinación km + lado local
790,Kilometro 21 Ruta Py02,km 21 ruta py02,km_lado,Ciudad del Este,km_lado,88,,,generado_por_regla,Combinación km + lado local
791,Kilometro 21 Ruta Py02,km21 ruta py02,km_lado,Ciudad del Este,km_lado,88,,,generado_por_regla,Combinación km + lado local
792,Kilometro 21 Ruta Py02,21 ruta py02,km_lado,Ciudad del Este,km_lado,88,,,generado_por_regla,Combinación km + lado local
793,Kilometro 21 Ruta Py02,kilometro 21 ruta py02,km_lado,Ciudad del Este,km_lado,88,,,generado_por_regla,Combinación km + lado local
794,Kilometro 21 Ruta 2,km 21 ruta 2,km_lado,Ciudad del Este,km_lado,88,,,generado_por_regla,Combinación km + lado local
795,Kilometro 21 Ruta 2,km21 ruta 2,km_lado,Ciudad del Este,km_lado,88,,,generado_por_regla,Combinación km + lado local
796,Kilometro 21 Ruta 2,21 ruta 2,km_lado,Ciudad del Este,km_lado,88,,,generado_por_regla,Combinación km + lado local
797,Kilometro 21 Ruta 2,kilometro 21 ruta 2,km_lado,Ciudad del Este,km_lado,88,,,generado_por_regla,Combinación km + lado local
798,Kilometro 21 Supercarretera,km 21 supercarretera,km_lado,Ciudad del Este,km_lado,88,,,generado_por_regla,Combinación km + lado local
799,Kilometro 21 Supercarretera,km21 supercarretera,km_lado,Ciudad del Este,km_lado,88,,,generado_por_regla,Combinación km + lado local
800,Kilometro 21 Supercarretera,21 supercarretera,km_lado,Ciudad del Este,km_lado,88,,,generado_por_regla,Combinación km + lado local
801,Kilometro 21 Supercarretera,kilometro 21 supercarretera,km_lado,Ciudad del Este,km_lado,88,,,generado_por_regla,Combinación km + lado local
802,Kilometro 21 Avenida San Blas,km 21 avenida san blas,km_lado,Ciudad del Este,km_lado,88,,,generado_por_regla,Combinación km + lado local
803,Kilometro 21 Avenida San Blas,km21 avenida san blas,km_lado,Ciudad del Este,km_lado,88,,,generado_por_regla,Combinación km + lado local
804,Kilometro 21 Avenida San Blas,21 avenida san blas,km_lado,Ciudad del Este,km_lado,88,,,generado_por_regla,Combinación km + lado local
805,Kilometro 21 Avenida San Blas,kilometro 21 avenida san blas,km_lado,Ciudad del Este,km_lado,88,,,generado_por_regla,Combinación km + lado local
806,Kilometro 22,km 22,km,Ciudad del Este,km,80,,,generado_por_regla,KM genérico
807,Kilometro 22,km22,km,Ciudad del Este,km,80,,,generado_por_regla,KM genérico
808,Kilometro 22,kilometro 22,km,Ciudad del Este,km,80,,,generado_por_regla,KM genérico
809,Kilometro 22,k 22,km,Ciudad del Este,km,80,,,generado_por_regla,KM genérico
810,Kilometro 22,k22,km,Ciudad del Este,km,80,,,generado_por_regla,KM genérico
811,Kilometro 22,kilometro22,km,Ciudad del Este,km,80,,,generado_por_regla,KM genérico
812,Kilometro 22,22,km,Ciudad del Este,km,80,,,generado_por_regla,KM genérico
813,Kilometro 22 Monday,km 22 monday,km_lado,Ciudad del Este,km_lado,88,,,generado_por_regla,Combinación km + lado local
814,Kilometro 22 Monday,km22 monday,km_lado,Ciudad del Este,km_lado,88,,,generado_por_regla,Combinación km + lado local
815,Kilometro 22 Monday,22 monday,km_lado,Ciudad del Este,km_lado,88,,,generado_por_regla,Combinación km + lado local
816,Kilometro 22 Monday,kilometro 22 monday,km_lado,Ciudad del Este,km_lado,88,,,generado_por_regla,Combinación km + lado local
817,Kilometro 22 Acaray,km 22 acaray,km_lado,Ciudad del Este,km_lado,88,,,generado_por_regla,Combinación km + lado local
818,Kilometro 22 Acaray,km22 acaray,km_lado,Ciudad del Este,km_lado,88,,,generado_por_regla,Combinación km + lado local
819,Kilometro 22 Acaray,22 acaray,km_lado,Ciudad del Este,km_lado,88,,,generado_por_regla,Combinación km + lado local
820,Kilometro 22 Acaray,kilometro 22 acaray,km_lado,Ciudad del Este,km_lado,88,,,generado_por_regla,Combinación km + lado local
821,Kilometro 22 Ruta Py02,km 22 ruta py02,km_lado,Ciudad del Este,km_lado,88,,,generado_por_regla,Combinación km + lado local
822,Kilometro 22 Ruta Py02,km22 ruta py02,km_lado,Ciudad del Este,km_lado,88,,,generado_por_regla,Combinación km + lado local
823,Kilometro 22 Ruta Py02,22 ruta py02,km_lado,Ciudad del Este,km_lado,88,,,generado_por_regla,Combinación km + lado local
824,Kilometro 22 Ruta Py02,kilometro 22 ruta py02,km_lado,Ciudad del Este,km_lado,88,,,generado_por_regla,Combinación km + lado local
825,Kilometro 22 Ruta 2,km 22 ruta 2,km_lado,Ciudad del Este,km_lado,88,,,generado_por_regla,Combinación km + lado local
826,Kilometro 22 Ruta 2,km22 ruta 2,km_lado,Ciudad del Este,km_lado,88,,,generado_por_regla,Combinación km + lado local
827,Kilometro 22 Ruta 2,22 ruta 2,km_lado,Ciudad del Este,km_lado,88,,,generado_por_regla,Combinación km + lado local
828,Kilometro 22 Ruta 2,kilometro 22 ruta 2,km_lado,Ciudad del Este,km_lado,88,,,generado_por_regla,Combinación km + lado local
829,Kilometro 22 Supercarretera,km 22 supercarretera,km_lado,Ciudad del Este,km_lado,88,,,generado_por_regla,Combinación km + lado local
830,Kilometro 22 Supercarretera,km22 supercarretera,km_lado,Ciudad del Este,km_lado,88,,,generado_por_regla,Combinación km + lado local
831,Kilometro 22 Supercarretera,22 supercarretera,km_lado,Ciudad del Este,km_lado,88,,,generado_por_regla,Combinación km + lado local
832,Kilometro 22 Supercarretera,kilometro 22 supercarretera,km_lado,Ciudad del Este,km_lado,88,,,generado_por_regla,Combinación km + lado local
833,Kilometro 22 Avenida San Blas,km 22 avenida san blas,km_lado,Ciudad del Este,km_lado,88,,,generado_por_regla,Combinación km + lado local
834,Kilometro 22 Avenida San Blas,km22 avenida san blas,km_lado,Ciudad del Este,km_lado,88,,,generado_por_regla,Combinación km + lado local
835,Kilometro 22 Avenida San Blas,22 avenida san blas,km_lado,Ciudad del Este,km_lado,88,,,generado_por_regla,Combinación km + lado local
836,Kilometro 22 Avenida San Blas,kilometro 22 avenida san blas,km_lado,Ciudad del Este,km_lado,88,,,generado_por_regla,Combinación km + lado local
837,Kilometro 23,km 23,km,Ciudad del Este,km,80,,,generado_por_regla,KM genérico
838,Kilometro 23,km23,km,Ciudad del Este,km,80,,,generado_por_regla,KM genérico
839,Kilometro 23,kilometro 23,km,Ciudad del Este,km,80,,,generado_por_regla,KM genérico
840,Kilometro 23,k 23,km,Ciudad del Este,km,80,,,generado_por_regla,KM genérico
841,Kilometro 23,k23,km,Ciudad del Este,km,80,,,generado_por_regla,KM genérico
842,Kilometro 23,kilometro23,km,Ciudad del Este,km,80,,,generado_por_regla,KM genérico
843,Kilometro 23,23,km,Ciudad del Este,km,80,,,generado_por_regla,KM genérico
844,Kilometro 23 Monday,km 23 monday,km_lado,Ciudad del Este,km_lado,88,,,generado_por_regla,Combinación km + lado local
845,Kilometro 23 Monday,km23 monday,km_lado,Ciudad del Este,km_lado,88,,,generado_por_regla,Combinación km + lado local
846,Kilometro 23 Monday,23 monday,km_lado,Ciudad del Este,km_lado,88,,,generado_por_regla,Combinación km + lado local
847,Kilometro 23 Monday,kilometro 23 monday,km_lado,Ciudad del Este,km_lado,88,,,generado_por_regla,Combinación km + lado local
848,Kilometro 23 Acaray,km 23 acaray,km_lado,Ciudad del Este,km_lado,88,,,generado_por_regla,Combinación km + lado local
849,Kilometro 23 Acaray,km23 acaray,km_lado,Ciudad del Este,km_lado,88,,,generado_por_regla,Combinación km + lado local
850,Kilometro 23 Acaray,23 acaray,km_lado,Ciudad del Este,km_lado,88,,,generado_por_regla,Combinación km + lado local
851,Kilometro 23 Acaray,kilometro 23 acaray,km_lado,Ciudad del Este,km_lado,88,,,generado_por_regla,Combinación km + lado local
852,Kilometro 23 Ruta Py02,km 23 ruta py02,km_lado,Ciudad del Este,km_lado,88,,,generado_por_regla,Combinación km + lado local
853,Kilometro 23 Ruta Py02,km23 ruta py02,km_lado,Ciudad del Este,km_lado,88,,,generado_por_regla,Combinación km + lado local
854,Kilometro 23 Ruta Py02,23 ruta py02,km_lado,Ciudad del Este,km_lado,88,,,generado_por_regla,Combinación km + lado local
855,Kilometro 23 Ruta Py02,kilometro 23 ruta py02,km_lado,Ciudad del Este,km_lado,88,,,generado_por_regla,Combinación km + lado local
856,Kilometro 23 Ruta 2,km 23 ruta 2,km_lado,Ciudad del Este,km_lado,88,,,generado_por_regla,Combinación km + lado local
857,Kilometro 23 Ruta 2,km23 ruta 2,km_lado,Ciudad del Este,km_lado,88,,,generado_por_regla,Combinación km + lado local
858,Kilometro 23 Ruta 2,23 ruta 2,km_lado,Ciudad del Este,km_lado,88,,,generado_por_regla,Combinación km + lado local
859,Kilometro 23 Ruta 2,kilometro 23 ruta 2,km_lado,Ciudad del Este,km_lado,88,,,generado_por_regla,Combinación km + lado local
860,Kilometro 23 Supercarretera,km 23 supercarretera,km_lado,Ciudad del Este,km_lado,88,,,generado_por_regla,Combinación km + lado local
861,Kilometro 23 Supercarretera,km23 supercarretera,km_lado,Ciudad del Este,km_lado,88,,,generado_por_regla,Combinación km + lado local
862,Kilometro 23 Supercarretera,23 supercarretera,km_lado,Ciudad del Este,km_lado,88,,,generado_por_regla,Combinación km + lado local
863,Kilometro 23 Supercarretera,kilometro 23 supercarretera,km_lado,Ciudad del Este,km_lado,88,,,generado_por_regla,Combinación km + lado local
864,Kilometro 23 Avenida San Blas,km 23 avenida san blas,km_lado,Ciudad del Este,km_lado,88,,,generado_por_regla,Combinación km + lado local
865,Kilometro 23 Avenida San Blas,km23 avenida san blas,km_lado,Ciudad del Este,km_lado,88,,,generado_por_regla,Combinación km + lado local
866,Kilometro 23 Avenida San Blas,23 avenida san blas,km_lado,Ciudad del Este,km_lado,88,,,generado_por_regla,Combinación km + lado local
867,Kilometro 23 Avenida San Blas,kilometro 23 avenida san blas,km_lado,Ciudad del Este,km_lado,88,,,generado_por_regla,Combinación km + lado local
868,Kilometro 24,km 24,km,Ciudad del Este,km,80,,,generado_por_regla,KM genérico
869,Kilometro 24,km24,km,Ciudad del Este,km,80,,,generado_por_regla,KM genérico
870,Kilometro 24,kilometro 24,km,Ciudad del Este,km,80,,,generado_por_regla,KM genérico
871,Kilometro 24,k 24,km,Ciudad del Este,km,80,,,generado_por_regla,KM genérico
872,Kilometro 24,k24,km,Ciudad del Este,km,80,,,generado_por_regla,KM genérico
873,Kilometro 24,kilometro24,km,Ciudad del Este,km,80,,,generado_por_regla,KM genérico
874,Kilometro 24,24,km,Ciudad del Este,km,80,,,generado_por_regla,KM genérico
875,Kilometro 24 Monday,km 24 monday,km_lado,Ciudad del Este,km_lado,88,,,generado_por_regla,Combinación km + lado local
876,Kilometro 24 Monday,km24 monday,km_lado,Ciudad del Este,km_lado,88,,,generado_por_regla,Combinación km + lado local
877,Kilometro 24 Monday,24 monday,km_lado,Ciudad del Este,km_lado,88,,,generado_por_regla,Combinación km + lado local
878,Kilometro 24 Monday,kilometro 24 monday,km_lado,Ciudad del Este,km_lado,88,,,generado_por_regla,Combinación km + lado local
879,Kilometro 24 Acaray,km 24 acaray,km_lado,Ciudad del Este,km_lado,88,,,generado_por_regla,Combinación km + lado local
880,Kilometro 24 Acaray,km24 acaray,km_lado,Ciudad del Este,km_lado,88,,,generado_por_regla,Combinación km + lado local
881,Kilometro 24 Acaray,24 acaray,km_lado,Ciudad del Este,km_lado,88,,,generado_por_regla,Combinación km + lado local
882,Kilometro 24 Acaray,kilometro 24 acaray,km_lado,Ciudad del Este,km_lado,88,,,generado_por_regla,Combinación km + lado local
883,Kilometro 24 Ruta Py02,km 24 ruta py02,km_lado,Ciudad del Este,km_lado,88,,,generado_por_regla,Combinación km + lado local
884,Kilometro 24 Ruta Py02,km24 ruta py02,km_lado,Ciudad del Este,km_lado,88,,,generado_por_regla,Combinación km + lado local
885,Kilometro 24 Ruta Py02,24 ruta py02,km_lado,Ciudad del Este,km_lado,88,,,generado_por_regla,Combinación km + lado local
886,Kilometro 24 Ruta Py02,kilometro 24 ruta py02,km_lado,Ciudad del Este,km_lado,88,,,generado_por_regla,Combinación km + lado local
887,Kilometro 24 Ruta 2,km 24 ruta 2,km_lado,Ciudad del Este,km_lado,88,,,generado_por_regla,Combinación km + lado local
888,Kilometro 24 Ruta 2,km24 ruta 2,km_lado,Ciudad del Este,km_lado,88,,,generado_por_regla,Combinación km + lado local
889,Kilometro 24 Ruta 2,24 ruta 2,km_lado,Ciudad del Este,km_lado,88,,,generado_por_regla,Combinación km + lado local
890,Kilometro 24 Ruta 2,kilometro 24 ruta 2,km_lado,Ciudad del Este,km_lado,88,,,generado_por_regla,Combinación km + lado local
891,Kilometro 24 Supercarretera,km 24 supercarretera,km_lado,Ciudad del Este,km_lado,88,,,generado_por_regla,Combinación km + lado local
892,Kilometro 24 Supercarretera,km24 supercarretera,km_lado,Ciudad del Este,km_lado,88,,,generado_por_regla,Combinación km + lado local
893,Kilometro 24 Supercarretera,24 supercarretera,km_lado,Ciudad del Este,km_lado,88,,,generado_por_regla,Combinación km + lado local
894,Kilometro 24 Supercarretera,kilometro 24 supercarretera,km_lado,Ciudad del Este,km_lado,88,,,generado_por_regla,Combinación km + lado local
895,Kilometro 24 Avenida San Blas,km 24 avenida san blas,km_lado,Ciudad del Este,km_lado,88,,,generado_por_regla,Combinación km + lado local
896,Kilometro 24 Avenida San Blas,km24 avenida san blas,km_lado,Ciudad del Este,km_lado,88,,,generado_por_regla,Combinación km + lado local
897,Kilometro 24 Avenida San Blas,24 avenida san blas,km_lado,Ciudad del Este,km_lado,88,,,generado_por_regla,Combinación km + lado local
898,Kilometro 24 Avenida San Blas,kilometro 24 avenida san blas,km_lado,Ciudad del Este,km_lado,88,,,generado_por_regla,Combinación km + lado local
899,Kilometro 25,km 25,km,Ciudad del Este,km,80,,,generado_por_regla,KM genérico
900,Kilometro 25,km25,km,Ciudad del Este,km,80,,,generado_por_regla,KM genérico
901,Kilometro 25,kilometro 25,km,Ciudad del Este,km,80,,,generado_por_regla,KM genérico
902,Kilometro 25,k 25,km,Ciudad del Este,km,80,,,generado_por_regla,KM genérico
903,Kilometro 25,k25,km,Ciudad del Este,km,80,,,generado_por_regla,KM genérico
904,Kilometro 25,kilometro25,km,Ciudad del Este,km,80,,,generado_por_regla,KM genérico
905,Kilometro 25,25,km,Ciudad del Este,km,80,,,generado_por_regla,KM genérico
906,Kilometro 25 Monday,km 25 monday,km_lado,Ciudad del Este,km_lado,88,,,generado_por_regla,Combinación km + lado local
907,Kilometro 25 Monday,km25 monday,km_lado,Ciudad del Este,km_lado,88,,,generado_por_regla,Combinación km + lado local
908,Kilometro 25 Monday,25 monday,km_lado,Ciudad del Este,km_lado,88,,,generado_por_regla,Combinación km + lado local
909,Kilometro 25 Monday,kilometro 25 monday,km_lado,Ciudad del Este,km_lado,88,,,generado_por_regla,Combinación km + lado local
910,Kilometro 25 Acaray,km 25 acaray,km_lado,Ciudad del Este,km_lado,88,,,generado_por_regla,Combinación km + lado local
911,Kilometro 25 Acaray,km25 acaray,km_lado,Ciudad del Este,km_lado,88,,,generado_por_regla,Combinación km + lado local
912,Kilometro 25 Acaray,25 acaray,km_lado,Ciudad del Este,km_lado,88,,,generado_por_regla,Combinación km + lado local
913,Kilometro 25 Acaray,kilometro 25 acaray,km_lado,Ciudad del Este,km_lado,88,,,generado_por_regla,Combinación km + lado local
914,Kilometro 25 Ruta Py02,km 25 ruta py02,km_lado,Ciudad del Este,km_lado,88,,,generado_por_regla,Combinación km + lado local
915,Kilometro 25 Ruta Py02,km25 ruta py02,km_lado,Ciudad del Este,km_lado,88,,,generado_por_regla,Combinación km + lado local
916,Kilometro 25 Ruta Py02,25 ruta py02,km_lado,Ciudad del Este,km_lado,88,,,generado_por_regla,Combinación km + lado local
917,Kilometro 25 Ruta Py02,kilometro 25 ruta py02,km_lado,Ciudad del Este,km_lado,88,,,generado_por_regla,Combinación km + lado local
918,Kilometro 25 Ruta 2,km 25 ruta 2,km_lado,Ciudad del Este,km_lado,88,,,generado_por_regla,Combinación km + lado local
919,Kilometro 25 Ruta 2,km25 ruta 2,km_lado,Ciudad del Este,km_lado,88,,,generado_por_regla,Combinación km + lado local
920,Kilometro 25 Ruta 2,25 ruta 2,km_lado,Ciudad del Este,km_lado,88,,,generado_por_regla,Combinación km + lado local
921,Kilometro 25 Ruta 2,kilometro 25 ruta 2,km_lado,Ciudad del Este,km_lado,88,,,generado_por_regla,Combinación km + lado local
922,Kilometro 25 Supercarretera,km 25 supercarretera,km_lado,Ciudad del Este,km_lado,88,,,generado_por_regla,Combinación km + lado local
923,Kilometro 25 Supercarretera,km25 supercarretera,km_lado,Ciudad del Este,km_lado,88,,,generado_por_regla,Combinación km + lado local
924,Kilometro 25 Supercarretera,25 supercarretera,km_lado,Ciudad del Este,km_lado,88,,,generado_por_regla,Combinación km + lado local
925,Kilometro 25 Supercarretera,kilometro 25 supercarretera,km_lado,Ciudad del Este,km_lado,88,,,generado_por_regla,Combinación km + lado local
926,Kilometro 25 Avenida San Blas,km 25 avenida san blas,km_lado,Ciudad del Este,km_lado,88,,,generado_por_regla,Combinación km + lado local
927,Kilometro 25 Avenida San Blas,km25 avenida san blas,km_lado,Ciudad del Este,km_lado,88,,,generado_por_regla,Combinación km + lado local
928,Kilometro 25 Avenida San Blas,25 avenida san blas,km_lado,Ciudad del Este,km_lado,88,,,generado_por_regla,Combinación km + lado local
929,Kilometro 25 Avenida San Blas,kilometro 25 avenida san blas,km_lado,Ciudad del Este,km_lado,88,,,generado_por_regla,Combinación km + lado local
930,Kilometro 26,km 26,km,Ciudad del Este,km,80,,,generado_por_regla,KM genérico
931,Kilometro 26,km26,km,Ciudad del Este,km,80,,,generado_por_regla,KM genérico
932,Kilometro 26,kilometro 26,km,Ciudad del Este,km,80,,,generado_por_regla,KM genérico
933,Kilometro 26,k 26,km,Ciudad del Este,km,80,,,generado_por_regla,KM genérico
934,Kilometro 26,k26,km,Ciudad del Este,km,80,,,generado_por_regla,KM genérico
935,Kilometro 26,kilometro26,km,Ciudad del Este,km,80,,,generado_por_regla,KM genérico
936,Kilometro 26,26,km,Ciudad del Este,km,80,,,generado_por_regla,KM genérico
937,Kilometro 26 Monday,km 26 monday,km_lado,Ciudad del Este,km_lado,88,,,generado_por_regla,Combinación km + lado local
938,Kilometro 26 Monday,km26 monday,km_lado,Ciudad del Este,km_lado,88,,,generado_por_regla,Combinación km + lado local
939,Kilometro 26 Monday,26 monday,km_lado,Ciudad del Este,km_lado,88,,,generado_por_regla,Combinación km + lado local
940,Kilometro 26 Monday,kilometro 26 monday,km_lado,Ciudad del Este,km_lado,88,,,generado_por_regla,Combinación km + lado local
941,Kilometro 26 Acaray,km 26 acaray,km_lado,Ciudad del Este,km_lado,88,,,generado_por_regla,Combinación km + lado local
942,Kilometro 26 Acaray,km26 acaray,km_lado,Ciudad del Este,km_lado,88,,,generado_por_regla,Combinación km + lado local
943,Kilometro 26 Acaray,26 acaray,km_lado,Ciudad del Este,km_lado,88,,,generado_por_regla,Combinación km + lado local
944,Kilometro 26 Acaray,kilometro 26 acaray,km_lado,Ciudad del Este,km_lado,88,,,generado_por_regla,Combinación km + lado local
945,Kilometro 26 Ruta Py02,km 26 ruta py02,km_lado,Ciudad del Este,km_lado,88,,,generado_por_regla,Combinación km + lado local
946,Kilometro 26 Ruta Py02,km26 ruta py02,km_lado,Ciudad del Este,km_lado,88,,,generado_por_regla,Combinación km + lado local
947,Kilometro 26 Ruta Py02,26 ruta py02,km_lado,Ciudad del Este,km_lado,88,,,generado_por_regla,Combinación km + lado local
948,Kilometro 26 Ruta Py02,kilometro 26 ruta py02,km_lado,Ciudad del Este,km_lado,88,,,generado_por_regla,Combinación km + lado local
949,Kilometro 26 Ruta 2,km 26 ruta 2,km_lado,Ciudad del Este,km_lado,88,,,generado_por_regla,Combinación km + lado local
950,Kilometro 26 Ruta 2,km26 ruta 2,km_lado,Ciudad del Este,km_lado,88,,,generado_por_regla,Combinación km + lado local
951,Kilometro 26 Ruta 2,26 ruta 2,km_lado,Ciudad del Este,km_lado,88,,,generado_por_regla,Combinación km + lado local
952,Kilometro 26 Ruta 2,kilometro 26 ruta 2,km_lado,Ciudad del Este,km_lado,88,,,generado_por_regla,Combinación km + lado local
953,Kilometro 26 Supercarretera,km 26 supercarretera,km_lado,Ciudad del Este,km_lado,88,,,generado_por_regla,Combinación km + lado local
954,Kilometro 26 Supercarretera,km26 supercarretera,km_lado,Ciudad del Este,km_lado,88,,,generado_por_regla,Combinación km + lado local
955,Kilometro 26 Supercarretera,26 supercarretera,km_lado,Ciudad del Este,km_lado,88,,,generado_por_regla,Combinación km + lado local
956,Kilometro 26 Supercarretera,kilometro 26 supercarretera,km_lado,Ciudad del Este,km_lado,88,,,generado_por_regla,Combinación km + lado local
957,Kilometro 26 Avenida San Blas,km 26 avenida san blas,km_lado,Ciudad del Este,km_lado,88,,,generado_por_regla,Combinación km + lado local
958,Kilometro 26 Avenida San Blas,km26 avenida san blas,km_lado,Ciudad del Este,km_lado,88,,,generado_por_regla,Combinación km + lado local
959,Kilometro 26 Avenida San Blas,26 avenida san blas,km_lado,Ciudad del Este,km_lado,88,,,generado_por_regla,Combinación km + lado local
960,Kilometro 26 Avenida San Blas,kilometro 26 avenida san blas,km_lado,Ciudad del Este,km_lado,88,,,generado_por_regla,Combinación km + lado local
961,Kilometro 27,km 27,km,Ciudad del Este,km,80,,,generado_por_regla,KM genérico
962,Kilometro 27,km27,km,Ciudad del Este,km,80,,,generado_por_regla,KM genérico
963,Kilometro 27,kilometro 27,km,Ciudad del Este,km,80,,,generado_por_regla,KM genérico
964,Kilometro 27,k 27,km,Ciudad del Este,km,80,,,generado_por_regla,KM genérico
965,Kilometro 27,k27,km,Ciudad del Este,km,80,,,generado_por_regla,KM genérico
966,Kilometro 27,kilometro27,km,Ciudad del Este,km,80,,,generado_por_regla,KM genérico
967,Kilometro 27,27,km,Ciudad del Este,km,80,,,generado_por_regla,KM genérico
968,Kilometro 27 Monday,km 27 monday,km_lado,Ciudad del Este,km_lado,88,,,generado_por_regla,Combinación km + lado local
969,Kilometro 27 Monday,km27 monday,km_lado,Ciudad del Este,km_lado,88,,,generado_por_regla,Combinación km + lado local
970,Kilometro 27 Monday,27 monday,km_lado,Ciudad del Este,km_lado,88,,,generado_por_regla,Combinación km + lado local
971,Kilometro 27 Monday,kilometro 27 monday,km_lado,Ciudad del Este,km_lado,88,,,generado_por_regla,Combinación km + lado local
972,Kilometro 27 Acaray,km 27 acaray,km_lado,Ciudad del Este,km_lado,88,,,generado_por_regla,Combinación km + lado local
973,Kilometro 27 Acaray,km27 acaray,km_lado,Ciudad del Este,km_lado,88,,,generado_por_regla,Combinación km + lado local
974,Kilometro 27 Acaray,27 acaray,km_lado,Ciudad del Este,km_lado,88,,,generado_por_regla,Combinación km + lado local
975,Kilometro 27 Acaray,kilometro 27 acaray,km_lado,Ciudad del Este,km_lado,88,,,generado_por_regla,Combinación km + lado local
976,Kilometro 27 Ruta Py02,km 27 ruta py02,km_lado,Ciudad del Este,km_lado,88,,,generado_por_regla,Combinación km + lado local
977,Kilometro 27 Ruta Py02,km27 ruta py02,km_lado,Ciudad del Este,km_lado,88,,,generado_por_regla,Combinación km + lado local
978,Kilometro 27 Ruta Py02,27 ruta py02,km_lado,Ciudad del Este,km_lado,88,,,generado_por_regla,Combinación km + lado local
979,Kilometro 27 Ruta Py02,kilometro 27 ruta py02,km_lado,Ciudad del Este,km_lado,88,,,generado_por_regla,Combinación km + lado local
980,Kilometro 27 Ruta 2,km 27 ruta 2,km_lado,Ciudad del Este,km_lado,88,,,generado_por_regla,Combinación km + lado local
981,Kilometro 27 Ruta 2,km27 ruta 2,km_lado,Ciudad del Este,km_lado,88,,,generado_por_regla,Combinación km + lado local
982,Kilometro 27 Ruta 2,27 ruta 2,km_lado,Ciudad del Este,km_lado,88,,,generado_por_regla,Combinación km + lado local
983,Kilometro 27 Ruta 2,kilometro 27 ruta 2,km_lado,Ciudad del Este,km_lado,88,,,generado_por_regla,Combinación km + lado local
984,Kilometro 27 Supercarretera,km 27 supercarretera,km_lado,Ciudad del Este,km_lado,88,,,generado_por_regla,Combinación km + lado local
985,Kilometro 27 Supercarretera,km27 supercarretera,km_lado,Ciudad del Este,km_lado,88,,,generado_por_regla,Combinación km + lado local
986,Kilometro 27 Supercarretera,27 supercarretera,km_lado,Ciudad del Este,km_lado,88,,,generado_por_regla,Combinación km + lado local
987,Kilometro 27 Supercarretera,kilometro 27 supercarretera,km_lado,Ciudad del Este,km_lado,88,,,generado_por_regla,Combinación km + lado local
988,Kilometro 27 Avenida San Blas,km 27 avenida san blas,km_lado,Ciudad del Este,km_lado,88,,,generado_por_regla,Combinación km + lado local
989,Kilometro 27 Avenida San Blas,km27 avenida san blas,km_lado,Ciudad del Este,km_lado,88,,,generado_por_regla,Combinación km + lado local
990,Kilometro 27 Avenida San Blas,27 avenida san blas,km_lado,Ciudad del Este,km_lado,88,,,generado_por_regla,Combinación km + lado local
991,Kilometro 27 Avenida San Blas,kilometro 27 avenida san blas,km_lado,Ciudad del Este,km_lado,88,,,generado_por_regla,Combinación km + lado local
992,Kilometro 28,km 28,km,Ciudad del Este,km,80,,,generado_por_regla,KM genérico
993,Kilometro 28,km28,km,Ciudad del Este,km,80,,,generado_por_regla,KM genérico
994,Kilometro 28,kilometro 28,km,Ciudad del Este,km,80,,,generado_por_regla,KM genérico
995,Kilometro 28,k 28,km,Ciudad del Este,km,80,,,generado_por_regla,KM genérico
996,Kilometro 28,k28,km,Ciudad del Este,km,80,,,generado_por_regla,KM genérico
997,Kilometro 28,kilometro28,km,Ciudad del Este,km,80,,,generado_por_regla,KM genérico
998,Kilometro 28,28,km,Ciudad del Este,km,80,,,generado_por_regla,KM genérico
999,Kilometro 28 Monday,km 28 monday,km_lado,Ciudad del Este,km_lado,88,,,generado_por_regla,Combinación km + lado local
1000,Kilometro 28 Monday,km28 monday,km_lado,Ciudad del Este,km_lado,88,,,generado_por_regla,Combinación km + lado local
1001,Kilometro 28 Monday,28 monday,km_lado,Ciudad del Este,km_lado,88,,,generado_por_regla,Combinación km + lado local
1002,Kilometro 28 Monday,kilometro 28 monday,km_lado,Ciudad del Este,km_lado,88,,,generado_por_regla,Combinación km + lado local
1003,Kilometro 28 Acaray,km 28 acaray,km_lado,Ciudad del Este,km_lado,88,,,generado_por_regla,Combinación km + lado local
1004,Kilometro 28 Acaray,km28 acaray,km_lado,Ciudad del Este,km_lado,88,,,generado_por_regla,Combinación km + lado local
1005,Kilometro 28 Acaray,28 acaray,km_lado,Ciudad del Este,km_lado,88,,,generado_por_regla,Combinación km + lado local
1006,Kilometro 28 Acaray,kilometro 28 acaray,km_lado,Ciudad del Este,km_lado,88,,,generado_por_regla,Combinación km + lado local
1007,Kilometro 28 Ruta Py02,km 28 ruta py02,km_lado,Ciudad del Este,km_lado,88,,,generado_por_regla,Combinación km + lado local
1008,Kilometro 28 Ruta Py02,km28 ruta py02,km_lado,Ciudad del Este,km_lado,88,,,generado_por_regla,Combinación km + lado local
1009,Kilometro 28 Ruta Py02,28 ruta py02,km_lado,Ciudad del Este,km_lado,88,,,generado_por_regla,Combinación km + lado local
1010,Kilometro 28 Ruta Py02,kilometro 28 ruta py02,km_lado,Ciudad del Este,km_lado,88,,,generado_por_regla,Combinación km + lado local
1011,Kilometro 28 Ruta 2,km 28 ruta 2,km_lado,Ciudad del Este,km_lado,88,,,generado_por_regla,Combinación km + lado local
1012,Kilometro 28 Ruta 2,km28 ruta 2,km_lado,Ciudad del Este,km_lado,88,,,generado_por_regla,Combinación km + lado local
1013,Kilometro 28 Ruta 2,28 ruta 2,km_lado,Ciudad del Este,km_lado,88,,,generado_por_regla,Combinación km + lado local
1014,Kilometro 28 Ruta 2,kilometro 28 ruta 2,km_lado,Ciudad del Este,km_lado,88,,,generado_por_regla,Combinación km + lado local
1015,Kilometro 28 Supercarretera,km 28 supercarretera,km_lado,Ciudad del Este,km_lado,88,,,generado_por_regla,Combinación km + lado local
1016,Kilometro 28 Supercarretera,km28 supercarretera,km_lado,Ciudad del Este,km_lado,88,,,generado_por_regla,Combinación km + lado local
1017,Kilometro 28 Supercarretera,28 supercarretera,km_lado,Ciudad del Este,km_lado,88,,,generado_por_regla,Combinación km + lado local
1018,Kilometro 28 Supercarretera,kilometro 28 supercarretera,km_lado,Ciudad del Este,km_lado,88,,,generado_por_regla,Combinación km + lado local
1019,Kilometro 28 Avenida San Blas,km 28 avenida san blas,km_lado,Ciudad del Este,km_lado,88,,,generado_por_regla,Combinación km + lado local
1020,Kilometro 28 Avenida San Blas,km28 avenida san blas,km_lado,Ciudad del Este,km_lado,88,,,generado_por_regla,Combinación km + lado local
1021,Kilometro 28 Avenida San Blas,28 avenida san blas,km_lado,Ciudad del Este,km_lado,88,,,generado_por_regla,Combinación km + lado local
1022,Kilometro 28 Avenida San Blas,kilometro 28 avenida san blas,km_lado,Ciudad del Este,km_lado,88,,,generado_por_regla,Combinación km + lado local
1023,Kilometro 29,km 29,km,Ciudad del Este,km,80,,,generado_por_regla,KM genérico
1024,Kilometro 29,km29,km,Ciudad del Este,km,80,,,generado_por_regla,KM genérico
1025,Kilometro 29,kilometro 29,km,Ciudad del Este,km,80,,,generado_por_regla,KM genérico
1026,Kilometro 29,k 29,km,Ciudad del Este,km,80,,,generado_por_regla,KM genérico
1027,Kilometro 29,k29,km,Ciudad del Este,km,80,,,generado_por_regla,KM genérico
1028,Kilometro 29,kilometro29,km,Ciudad del Este,km,80,,,generado_por_regla,KM genérico
1029,Kilometro 29,29,km,Ciudad del Este,km,80,,,generado_por_regla,KM genérico
1030,Kilometro 29 Monday,km 29 monday,km_lado,Ciudad del Este,km_lado,88,,,generado_por_regla,Combinación km + lado local
1031,Kilometro 29 Monday,km29 monday,km_lado,Ciudad del Este,km_lado,88,,,generado_por_regla,Combinación km + lado local
1032,Kilometro 29 Monday,29 monday,km_lado,Ciudad del Este,km_lado,88,,,generado_por_regla,Combinación km + lado local
1033,Kilometro 29 Monday,kilometro 29 monday,km_lado,Ciudad del Este,km_lado,88,,,generado_por_regla,Combinación km + lado local
1034,Kilometro 29 Acaray,km 29 acaray,km_lado,Ciudad del Este,km_lado,88,,,generado_por_regla,Combinación km + lado local
1035,Kilometro 29 Acaray,km29 acaray,km_lado,Ciudad del Este,km_lado,88,,,generado_por_regla,Combinación km + lado local
1036,Kilometro 29 Acaray,29 acaray,km_lado,Ciudad del Este,km_lado,88,,,generado_por_regla,Combinación km + lado local
1037,Kilometro 29 Acaray,kilometro 29 acaray,km_lado,Ciudad del Este,km_lado,88,,,generado_por_regla,Combinación km + lado local
1038,Kilometro 29 Ruta Py02,km 29 ruta py02,km_lado,Ciudad del Este,km_lado,88,,,generado_por_regla,Combinación km + lado local
1039,Kilometro 29 Ruta Py02,km29 ruta py02,km_lado,Ciudad del Este,km_lado,88,,,generado_por_regla,Combinación km + lado local
1040,Kilometro 29 Ruta Py02,29 ruta py02,km_lado,Ciudad del Este,km_lado,88,,,generado_por_regla,Combinación km + lado local
1041,Kilometro 29 Ruta Py02,kilometro 29 ruta py02,km_lado,Ciudad del Este,km_lado,88,,,generado_por_regla,Combinación km + lado local
1042,Kilometro 29 Ruta 2,km 29 ruta 2,km_lado,Ciudad del Este,km_lado,88,,,generado_por_regla,Combinación km + lado local
1043,Kilometro 29 Ruta 2,km29 ruta 2,km_lado,Ciudad del Este,km_lado,88,,,generado_por_regla,Combinación km + lado local
1044,Kilometro 29 Ruta 2,29 ruta 2,km_lado,Ciudad del Este,km_lado,88,,,generado_por_regla,Combinación km + lado local
1045,Kilometro 29 Ruta 2,kilometro 29 ruta 2,km_lado,Ciudad del Este,km_lado,88,,,generado_por_regla,Combinación km + lado local
1046,Kilometro 29 Supercarretera,km 29 supercarretera,km_lado,Ciudad del Este,km_lado,88,,,generado_por_regla,Combinación km + lado local
1047,Kilometro 29 Supercarretera,km29 supercarretera,km_lado,Ciudad del Este,km_lado,88,,,generado_por_regla,Combinación km + lado local
1048,Kilometro 29 Supercarretera,29 supercarretera,km_lado,Ciudad del Este,km_lado,88,,,generado_por_regla,Combinación km + lado local
1049,Kilometro 29 Supercarretera,kilometro 29 supercarretera,km_lado,Ciudad del Este,km_lado,88,,,generado_por_regla,Combinación km + lado local
1050,Kilometro 29 Avenida San Blas,km 29 avenida san blas,km_lado,Ciudad del Este,km_lado,88,,,generado_por_regla,Combinación km + lado local
1051,Kilometro 29 Avenida San Blas,km29 avenida san blas,km_lado,Ciudad del Este,km_lado,88,,,generado_por_regla,Combinación km + lado local
1052,Kilometro 29 Avenida San Blas,29 avenida san blas,km_lado,Ciudad del Este,km_lado,88,,,generado_por_regla,Combinación km + lado local
1053,Kilometro 29 Avenida San Blas,kilometro 29 avenida san blas,km_lado,Ciudad del Este,km_lado,88,,,generado_por_regla,Combinación km + lado local
1054,Kilometro 30,km 30,km,Ciudad del Este,km,80,,,generado_por_regla,KM genérico
1055,Kilometro 30,km30,km,Ciudad del Este,km,80,,,generado_por_regla,KM genérico
1056,Kilometro 30,kilometro 30,km,Ciudad del Este,km,80,,,generado_por_regla,KM genérico
1057,Kilometro 30,k 30,km,Ciudad del Este,km,80,,,generado_por_regla,KM genérico
1058,Kilometro 30,k30,km,Ciudad del Este,km,80,,,generado_por_regla,KM genérico
1059,Kilometro 30,kilometro30,km,Ciudad del Este,km,80,,,generado_por_regla,KM genérico
1060,Kilometro 30,30,km,Ciudad del Este,km,80,,,generado_por_regla,KM genérico
1061,Kilometro 30 Monday,km 30 monday,km_lado,Ciudad del Este,km_lado,88,,,generado_por_regla,Combinación km + lado local
1062,Kilometro 30 Monday,km30 monday,km_lado,Ciudad del Este,km_lado,88,,,generado_por_regla,Combinación km + lado local
1063,Kilometro 30 Monday,30 monday,km_lado,Ciudad del Este,km_lado,88,,,generado_por_regla,Combinación km + lado local
1064,Kilometro 30 Monday,kilometro 30 monday,km_lado,Ciudad del Este,km_lado,88,,,generado_por_regla,Combinación km + lado local
1065,Kilometro 30 Acaray,km 30 acaray,km_lado,Ciudad del Este,km_lado,88,,,generado_por_regla,Combinación km + lado local
1066,Kilometro 30 Acaray,km30 acaray,km_lado,Ciudad del Este,km_lado,88,,,generado_por_regla,Combinación km + lado local
1067,Kilometro 30 Acaray,30 acaray,km_lado,Ciudad del Este,km_lado,88,,,generado_por_regla,Combinación km + lado local
1068,Kilometro 30 Acaray,kilometro 30 acaray,km_lado,Ciudad del Este,km_lado,88,,,generado_por_regla,Combinación km + lado local
1069,Kilometro 30 Ruta Py02,km 30 ruta py02,km_lado,Ciudad del Este,km_lado,88,,,generado_por_regla,Combinación km + lado local
1070,Kilometro 30 Ruta Py02,km30 ruta py02,km_lado,Ciudad del Este,km_lado,88,,,generado_por_regla,Combinación km + lado local
1071,Kilometro 30 Ruta Py02,30 ruta py02,km_lado,Ciudad del Este,km_lado,88,,,generado_por_regla,Combinación km + lado local
1072,Kilometro 30 Ruta Py02,kilometro 30 ruta py02,km_lado,Ciudad del Este,km_lado,88,,,generado_por_regla,Combinación km + lado local
1073,Kilometro 30 Ruta 2,km 30 ruta 2,km_lado,Ciudad del Este,km_lado,88,,,generado_por_regla,Combinación km + lado local
1074,Kilometro 30 Ruta 2,km30 ruta 2,km_lado,Ciudad del Este,km_lado,88,,,generado_por_regla,Combinación km + lado local
1075,Kilometro 30 Ruta 2,30 ruta 2,km_lado,Ciudad del Este,km_lado,88,,,generado_por_regla,Combinación km + lado local
1076,Kilometro 30 Ruta 2,kilometro 30 ruta 2,km_lado,Ciudad del Este,km_lado,88,,,generado_por_regla,Combinación km + lado local
1077,Kilometro 30 Supercarretera,km 30 supercarretera,km_lado,Ciudad del Este,km_lado,88,,,generado_por_regla,Combinación km + lado local
1078,Kilometro 30 Supercarretera,km30 supercarretera,km_lado,Ciudad del Este,km_lado,88,,,generado_por_regla,Combinación km + lado local
1079,Kilometro 30 Supercarretera,30 supercarretera,km_lado,Ciudad del Este,km_lado,88,,,generado_por_regla,Combinación km + lado local
1080,Kilometro 30 Supercarretera,kilometro 30 supercarretera,km_lado,Ciudad del Este,km_lado,88,,,generado_por_regla,Combinación km + lado local
1081,Kilometro 30 Avenida San Blas,km 30 avenida san blas,km_lado,Ciudad del Este,km_lado,88,,,generado_por_regla,Combinación km + lado local
1082,Kilometro 30 Avenida San Blas,km30 avenida san blas,km_lado,Ciudad del Este,km_lado,88,,,generado_por_regla,Combinación km + lado local
1083,Kilometro 30 Avenida San Blas,30 avenida san blas,km_lado,Ciudad del Este,km_lado,88,,,generado_por_regla,Combinación km + lado local
1084,Kilometro 30 Avenida San Blas,kilometro 30 avenida san blas,km_lado,Ciudad del Este,km_lado,88,,,generado_por_regla,Combinación km + lado local
1085,Ruta PY02,ruta py02,calle_avenida,Alto Parana,via,72,,,curado_local/manual,
1086,Ruta PY02,rutapy02,calle_avenida,Alto Parana,via,72,,,curado_local/manual,
1087,Ruta 02,ruta 02,calle_avenida,Alto Parana,via,72,,,curado_local/manual,
1088,Ruta 02,ruta02,calle_avenida,Alto Parana,via,72,,,curado_local/manual,
1089,Ruta Internacional,ruta internacional,calle_avenida,Alto Parana,via,72,,,curado_local/manual,
1090,Ruta Internacional,rutainternacional,calle_avenida,Alto Parana,via,72,,,curado_local/manual,
1091,Avenida San Blas,av san blas,calle_avenida,Alto Parana,via,72,,,curado_local/manual,
1092,Avenida San Blas,avenida s blas,calle_avenida,Alto Parana,via,72,,,curado_local/manual,
1093,Avenida San Blas,avenida san blas,calle_avenida,Alto Parana,via,72,,,curado_local/manual,
1094,Avenida San Blas,avenidasanblas,calle_avenida,Alto Parana,via,72,,,curado_local/manual,
1095,Avenida San Blas,avenidasblas,calle_avenida,Alto Parana,via,72,,,curado_local/manual,
1096,Avenida San Blas,avsanblas,calle_avenida,Alto Parana,via,72,,,curado_local/manual,
1097,Avenida Bernardino Caballero,av bernardino caballero,calle_avenida,Alto Parana,via,72,,,curado_local/manual,
1098,Avenida Bernardino Caballero,avbernardinocaballero,calle_avenida,Alto Parana,via,72,,,curado_local/manual,
1099,Avenida Bernardino Caballero,avenida bernardino caballero,calle_avenida,Alto Parana,via,72,,,curado_local/manual,
1100,Avenida Bernardino Caballero,avenidabernardinocaballero,calle_avenida,Alto Parana,via,72,,,curado_local/manual,
1101,Avenida Monseñor Rodriguez,av monsenor rodriguez,calle_avenida,Alto Parana,via,72,,,curado_local/manual,
1102,Avenida Monseñor Rodriguez,avenida monsenor rodriguez,calle_avenida,Alto Parana,via,72,,,curado_local/manual,
1103,Avenida Monseñor Rodriguez,avenidamonsenorrodriguez,calle_avenida,Alto Parana,via,72,,,curado_local/manual,
1104,Avenida Monseñor Rodriguez,avmonsenorrodriguez,calle_avenida,Alto Parana,via,72,,,curado_local/manual,
1105,Avenida Adrian Jara,av adrian jara,calle_avenida,Alto Parana,via,72,,,curado_local/manual,
1106,Avenida Adrian Jara,avadrianjara,calle_avenida,Alto Parana,via,72,,,curado_local/manual,
1107,Avenida Adrian Jara,avenida adrian jara,calle_avenida,Alto Parana,via,72,,,curado_local/manual,
1108,Avenida Adrian Jara,avenidaadrianjara,calle_avenida,Alto Parana,via,72,,,curado_local/manual,
1109,Avenida Carlos Antonio Lopez,av carlos antonio lopez,calle_avenida,Alto Parana,via,72,,,curado_local/manual,
1110,Avenida Carlos Antonio Lopez,avcarlosantoniolopez,calle_avenida,Alto Parana,via,72,,,curado_local/manual,
1111,Avenida Carlos Antonio Lopez,avenida carlos antonio lopez,calle_avenida,Alto Parana,via,72,,,curado_local/manual,
1112,Avenida Carlos Antonio Lopez,avenidacarlosantoniolopez,calle_avenida,Alto Parana,via,72,,,curado_local/manual,
1113,Avenida Rogelio Benitez,av rogelio benitez,calle_avenida,Alto Parana,via,72,,,curado_local/manual,
1114,Avenida Rogelio Benitez,avenida rogelio benitez,calle_avenida,Alto Parana,via,72,,,curado_local/manual,
1115,Avenida Rogelio Benitez,avenidarogeliobenitez,calle_avenida,Alto Parana,via,72,,,curado_local/manual,
1116,Avenida Rogelio Benitez,avrogeliobenitez,calle_avenida,Alto Parana,via,72,,,curado_local/manual,
1117,Avenida Julio Cesar Riquelme,av julio cesar riquelme,calle_avenida,Alto Parana,via,72,,,curado_local/manual,
1118,Avenida Julio Cesar Riquelme,avenida julio cesar riquelme,calle_avenida,Alto Parana,via,72,,,curado_local/manual,
1119,Avenida Julio Cesar Riquelme,avenidajuliocesarriquelme,calle_avenida,Alto Parana,via,72,,,curado_local/manual,
1120,Avenida Julio Cesar Riquelme,avjuliocesarriquelme,calle_avenida,Alto Parana,via,72,,,curado_local/manual,
1121,Supercarretera,supercarretera,calle_avenida,Alto Parana,via,72,,,curado_local/manual,
1122,Avenida Monday,av monday,calle_avenida,Alto Parana,via,72,,,curado_local/manual,
1123,Avenida Monday,avenida monday,calle_avenida,Alto Parana,via,72,,,curado_local/manual,
1124,Avenida Monday,avenidamonday,calle_avenida,Alto Parana,via,72,,,curado_local/manual,
1125,Avenida Monday,avmonday,calle_avenida,Alto Parana,via,72,,,curado_local/manual,
1126,Avenida Acaray,av acaray,calle_avenida,Alto Parana,via,72,,,curado_local/manual,
1127,Avenida Acaray,avacaray,calle_avenida,Alto Parana,via,72,,,curado_local/manual,
1128,Avenida Acaray,avenida acaray,calle_avenida,Alto Parana,via,72,,,curado_local/manual,
1129,Avenida Acaray,avenidaacaray,calle_avenida,Alto Parana,via,72,,,curado_local/manual,
1130,Avenida Mariscal Lopez,av mariscal lopez,calle_avenida,Alto Parana,via,72,,,curado_local/manual,
1131,Avenida Mariscal Lopez,avenida mariscal lopez,calle_avenida,Alto Parana,via,72,,,curado_local/manual,
1132,Avenida Mariscal Lopez,avenidamariscallopez,calle_avenida,Alto Parana,via,72,,,curado_local/manual,
1133,Avenida Mariscal Lopez,avmariscallopez,calle_avenida,Alto Parana,via,72,,,curado_local/manual,
1134,Avenida Peru,av peru,calle_avenida,Alto Parana,via,72,,,curado_local/manual,
1135,Avenida Peru,avenida peru,calle_avenida,Alto Parana,via,72,,,curado_local/manual,
1136,Avenida Peru,avenidaperu,calle_avenida,Alto Parana,via,72,,,curado_local/manual,
1137,Avenida Peru,avperu,calle_avenida,Alto Parana,via,72,,,curado_local/manual,
1138,Avenida Alejo Garcia,av alejo garcia,calle_avenida,Alto Parana,via,72,,,curado_local/manual,
1139,Avenida Alejo Garcia,avalejogarcia,calle_avenida,Alto Parana,via,72,,,curado_local/manual,
1140,Avenida Alejo Garcia,avenida alejo garcia,calle_avenida,Alto Parana,via,72,,,curado_local/manual,
1141,Avenida Alejo Garcia,avenidaalejogarcia,calle_avenida,Alto Parana,via,72,,,curado_local/manual,
1142,Avenida Los Yerbales,av los yerbales,calle_avenida,Alto Parana,via,72,,,curado_local/manual,
1143,Avenida Los Yerbales,avenida yerbales,calle_avenida,Alto Parana,via,72,,,curado_local/manual,
1144,Avenida Los Yerbales,avenida los yerbales,calle_avenida,Alto Parana,via,72,,,curado_local/manual,
1145,Avenida Los Yerbales,avenidalosyerbales,calle_avenida,Alto Parana,via,72,,,curado_local/manual,
1146,Avenida Los Yerbales,avlosyerbales,calle_avenida,Alto Parana,via,72,,,curado_local/manual,
1147,Avenida Itaipu Oeste,av itaipu oeste,calle_avenida,Alto Parana,via,72,,,curado_local/manual,
1148,Avenida Itaipu Oeste,avenida itaipu oeste,calle_avenida,Alto Parana,via,72,,,curado_local/manual,
1149,Avenida Itaipu Oeste,avenidaitaipuoeste,calle_avenida,Alto Parana,via,72,,,curado_local/manual,
1150,Avenida Itaipu Oeste,avitaipuoeste,calle_avenida,Alto Parana,via,72,,,curado_local/manual,
1151,Avenida Amado Benitez,av amado benitez,calle_avenida,Alto Parana,via,72,,,curado_local/manual,
1152,Avenida Amado Benitez,avamadobenitez,calle_avenida,Alto Parana,via,72,,,curado_local/manual,
1153,Avenida Amado Benitez,avenida amado benitez,calle_avenida,Alto Parana,via,72,,,curado_local/manual,
1154,Avenida Amado Benitez,avenidaamadobenitez,calle_avenida,Alto Parana,via,72,,,curado_local/manual,
1155,Terminal de Omnibus de Ciudad del Este,terminal omnibus ciudad este,punto_referencia,Alto Parana,poi,92,,,curado_local/manual,
1156,Terminal de Omnibus de Ciudad del Este,terminal de ciudad del este,punto_referencia,Alto Parana,poi,92,,,curado_local/manual,
1157,Terminal de Omnibus de Ciudad del Este,terminal de omnibus de cde,punto_referencia,Alto Parana,poi,92,,,curado_local/manual,
1158,Terminal de Omnibus de Ciudad del Este,terminal de omnibus de ciudad del este,punto_referencia,Alto Parana,poi,92,,,curado_local/manual,
1159,Terminal de Omnibus de Ciudad del Este,terminaldeciudaddeleste,punto_referencia,Alto Parana,poi,92,,,curado_local/manual,
1160,Terminal de Omnibus de Ciudad del Este,terminaldeomnibusdecde,punto_referencia,Alto Parana,poi,92,,,curado_local/manual,
1161,Terminal de Omnibus de Ciudad del Este,terminaldeomnibusdeciudaddeleste,punto_referencia,Alto Parana,poi,92,,,curado_local/manual,
1162,Terminal CDE,terminal cde,punto_referencia,Alto Parana,poi,92,,,curado_local/manual,
1163,Terminal CDE,terminalcde,punto_referencia,Alto Parana,poi,92,,,curado_local/manual,
1164,Aeropuerto Internacional Guarani,aeropuerto internacional guarani,punto_referencia,Alto Parana,poi,92,,,curado_local/manual,
1165,Aeropuerto Internacional Guarani,aeropuertointernacionalguarani,punto_referencia,Alto Parana,poi,92,,,curado_local/manual,
1166,Puente de la Amistad,puente,punto_referencia,Alto Parana,poi,92,,,curado_local/manual,
1167,Puente de la Amistad,puente amistad,punto_referencia,Alto Parana,poi,92,,,curado_local/manual,
1168,Puente de la Amistad,puente de la amistad,punto_referencia,Alto Parana,poi,92,,,curado_local/manual,
1169,Puente de la Amistad,puentedelaamistad,punto_referencia,Alto Parana,poi,92,,,curado_local/manual,
1170,Aduana Ciudad del Este,aduana cde,punto_referencia,Alto Parana,poi,92,,,curado_local/manual,
1171,Aduana Ciudad del Este,aduana ciudad este,punto_referencia,Alto Parana,poi,92,,,curado_local/manual,
1172,Aduana Ciudad del Este,aduana ciudad del este,punto_referencia,Alto Parana,poi,92,,,curado_local/manual,
1173,Aduana Ciudad del Este,aduanacde,punto_referencia,Alto Parana,poi,92,,,curado_local/manual,
1174,Aduana Ciudad del Este,aduanaciudaddeleste,punto_referencia,Alto Parana,poi,92,,,curado_local/manual,
1175,Lago de la Republica,lago,punto_referencia,Alto Parana,poi,92,,,curado_local/manual,
1176,Lago de la Republica,lago republica,punto_referencia,Alto Parana,poi,92,,,curado_local/manual,
1177,Lago de la Republica,lago de la republica,punto_referencia,Alto Parana,poi,92,,,curado_local/manual,
1178,Lago de la Republica,lagodelarepublica,punto_referencia,Alto Parana,poi,92,,,curado_local/manual,
1179,Costanera de Hernandarias,costanera hernandarias,punto_referencia,Alto Parana,poi,92,,,curado_local/manual,
1180,Costanera de Hernandarias,costanera de hernandarias,punto_referencia,Alto Parana,poi,92,,,curado_local/manual,
1181,Costanera de Hernandarias,costaneradehernandarias,punto_referencia,Alto Parana,poi,92,,,curado_local/manual,
1182,Saltos del Monday,saltos,punto_referencia,Alto Parana,poi,92,,,curado_local/manual,
1183,Saltos del Monday,saltos monday,punto_referencia,Alto Parana,poi,92,,,curado_local/manual,
1184,Saltos del Monday,saltos del monday,punto_referencia,Alto Parana,poi,92,,,curado_local/manual,
1185,Saltos del Monday,saltosdelmonday,punto_referencia,Alto Parana,poi,92,,,curado_local/manual,
1186,Itaipu Binacional,itaipu binacional,punto_referencia,Alto Parana,poi,92,,,curado_local/manual,
1187,Itaipu Binacional,itaipubinacional,punto_referencia,Alto Parana,poi,92,,,curado_local/manual,
1188,Represa de Itaipu,represa itaipu,punto_referencia,Alto Parana,poi,92,,,curado_local/manual,
1189,Represa de Itaipu,represa de itaipu,punto_referencia,Alto Parana,poi,92,,,curado_local/manual,
1190,Represa de Itaipu,represadeitaipu,punto_referencia,Alto Parana,poi,92,,,curado_local/manual,
1191,Refugio Tati Yupi,refugio tati yupi,punto_referencia,Alto Parana,poi,92,,,curado_local/manual,
1192,Refugio Tati Yupi,refugiotatiyupi,punto_referencia,Alto Parana,poi,92,,,curado_local/manual,
1193,Museo Tierra Guarani,museo tierra guarani,punto_referencia,Alto Parana,poi,92,,,curado_local/manual,
1194,Museo Tierra Guarani,museotierraguarani,punto_referencia,Alto Parana,poi,92,,,curado_local/manual,
1195,Shopping Paris,shop paris,punto_referencia,Alto Parana,poi,92,,,curado_local/manual,
1196,Shopping Paris,shopparis,punto_referencia,Alto Parana,poi,92,,,curado_local/manual,
1197,Shopping Paris,shopping paris,punto_referencia,Alto Parana,poi,92,,,curado_local/manual,
1198,Shopping Paris,shoppingparis,punto_referencia,Alto Parana,poi,92,,,curado_local/manual,
1199,Shopping China,shop china,punto_referencia,Alto Parana,poi,92,,,curado_local/manual,
1200,Shopping China,shopchina,punto_referencia,Alto Parana,poi,92,,,curado_local/manual,
1201,Shopping China,shopping china,punto_referencia,Alto Parana,poi,92,,,curado_local/manual,
1202,Shopping China,shoppingchina,punto_referencia,Alto Parana,poi,92,,,curado_local/manual,
1203,Shopping del Este,shop del este,punto_referencia,Alto Parana,poi,92,,,curado_local/manual,
1204,Shopping del Este,shopdeleste,punto_referencia,Alto Parana,poi,92,,,curado_local/manual,
1205,Shopping del Este,shopping este,punto_referencia,Alto Parana,poi,92,,,curado_local/manual,
1206,Shopping del Este,shopping del este,punto_referencia,Alto Parana,poi,92,,,curado_local/manual,
1207,Shopping del Este,shoppingdeleste,punto_referencia,Alto Parana,poi,92,,,curado_local/manual,
1208,Shopping Vendome,shop vendome,punto_referencia,Alto Parana,poi,92,,,curado_local/manual,
1209,Shopping Vendome,shopping vendome,punto_referencia,Alto Parana,poi,92,,,curado_local/manual,
1210,Shopping Vendome,shoppingvendome,punto_referencia,Alto Parana,poi,92,,,curado_local/manual,
1211,Shopping Vendome,shopvendome,punto_referencia,Alto Parana,poi,92,,,curado_local/manual,
1212,Galeria Jebai,galeria jebai,punto_referencia,Alto Parana,poi,92,,,curado_local/manual,
1213,Galeria Jebai,galeriajebai,punto_referencia,Alto Parana,poi,92,,,curado_local/manual,
1214,Monalisa,monalisa,punto_referencia,Alto Parana,poi,92,,,curado_local/manual,
1215,SAX Palace,sax palace,punto_referencia,Alto Parana,poi,92,,,curado_local/manual,
1216,SAX Palace,saxpalace,punto_referencia,Alto Parana,poi,92,,,curado_local/manual,
1217,Cellshop,cellshop,punto_referencia,Alto Parana,poi,92,,,curado_local/manual,
1218,Nissei,nissei,punto_referencia,Alto Parana,poi,92,,,curado_local/manual,
1219,Mega Electronicos,mega electronicos,punto_referencia,Alto Parana,poi,92,,,curado_local/manual,
1220,Mega Electronicos,megaelectronicos,punto_referencia,Alto Parana,poi,92,,,curado_local/manual,
1221,Casa Nissei,casa nissei,punto_referencia,Alto Parana,poi,92,,,curado_local/manual,
1222,Casa Nissei,casanissei,punto_referencia,Alto Parana,poi,92,,,curado_local/manual,
1223,Atacado Games,atacado games,punto_referencia,Alto Parana,poi,92,,,curado_local/manual,
1224,Atacado Games,atacadogames,punto_referencia,Alto Parana,poi,92,,,curado_local/manual,
1225,Casa Bo,casa bo,punto_referencia,Alto Parana,poi,92,,,curado_local/manual,
1226,Casa Bo,casabo,punto_referencia,Alto Parana,poi,92,,,curado_local/manual,
1227,Mercado de Abasto CDE,mercado abasto cde,punto_referencia,Alto Parana,poi,92,,,curado_local/manual,
1228,Mercado de Abasto CDE,mercado de abasto cde,punto_referencia,Alto Parana,poi,92,,,curado_local/manual,
1229,Mercado de Abasto CDE,mercadodeabastocde,punto_referencia,Alto Parana,poi,92,,,curado_local/manual,
1230,Mercado Municipal,mercado municipal,punto_referencia,Alto Parana,poi,92,,,curado_local/manual,
1231,Mercado Municipal,mercadomunicipal,punto_referencia,Alto Parana,poi,92,,,curado_local/manual,
1232,Hospital Regional de Ciudad del Este,hospital regional ciudad este,punto_referencia,Alto Parana,poi,92,,,curado_local/manual,
1233,Hospital Regional de Ciudad del Este,hospital regional de cde,punto_referencia,Alto Parana,poi,92,,,curado_local/manual,
1234,Hospital Regional de Ciudad del Este,hospital regional de ciudad del este,punto_referencia,Alto Parana,poi,92,,,curado_local/manual,
1235,Hospital Regional de Ciudad del Este,hospitalregionaldecde,punto_referencia,Alto Parana,poi,92,,,curado_local/manual,
1236,Hospital Regional de Ciudad del Este,hospitalregionaldeciudaddeleste,punto_referencia,Alto Parana,poi,92,,,curado_local/manual,
1237,Hospital Regional de Ciudad del Este,regional de ciudad del este,punto_referencia,Alto Parana,poi,92,,,curado_local/manual,
1238,Hospital Regional de Ciudad del Este,regionaldeciudaddeleste,punto_referencia,Alto Parana,poi,92,,,curado_local/manual,
1239,Hospital Tesai,hospital tesai,punto_referencia,Alto Parana,poi,92,,,curado_local/manual,
1240,Hospital Tesai,hospitaltesai,punto_referencia,Alto Parana,poi,92,,,curado_local/manual,
1241,Sanatorio Central,sanatorio central,punto_referencia,Alto Parana,poi,92,,,curado_local/manual,
1242,Sanatorio Central,sanatoriocentral,punto_referencia,Alto Parana,poi,92,,,curado_local/manual,
1243,Fundacion Tesai,fundacion tesai,punto_referencia,Alto Parana,poi,92,,,curado_local/manual,
1244,Fundacion Tesai,fundaciontesai,punto_referencia,Alto Parana,poi,92,,,curado_local/manual,
1245,IPS Ciudad del Este,ips cde,punto_referencia,Alto Parana,poi,92,,,curado_local/manual,
1246,IPS Ciudad del Este,ips ciudad este,punto_referencia,Alto Parana,poi,92,,,curado_local/manual,
1247,IPS Ciudad del Este,ips ciudad del este,punto_referencia,Alto Parana,poi,92,,,curado_local/manual,
1248,IPS Ciudad del Este,ipscde,punto_referencia,Alto Parana,poi,92,,,curado_local/manual,
1249,IPS Ciudad del Este,ipsciudaddeleste,punto_referencia,Alto Parana,poi,92,,,curado_local/manual,
1250,Universidad Nacional del Este,une,punto_referencia,Alto Parana,poi,92,,,curado_local/manual,
1251,Universidad Nacional del Este,universidad nacional este,punto_referencia,Alto Parana,poi,92,,,curado_local/manual,
1252,Universidad Nacional del Este,universidad nacional del este,punto_referencia,Alto Parana,poi,92,,,curado_local/manual,
1253,Universidad Nacional del Este,universidadnacionaldeleste,punto_referencia,Alto Parana,poi,92,,,curado_local/manual,
1254,UNE,une,punto_referencia,Alto Parana,poi,92,,,curado_local/manual,
1255,Universidad Privada del Este,universidad privada este,punto_referencia,Alto Parana,poi,92,,,curado_local/manual,
1256,Universidad Privada del Este,universidad privada del este,punto_referencia,Alto Parana,poi,92,,,curado_local/manual,
1257,Universidad Privada del Este,universidadprivadadeleste,punto_referencia,Alto Parana,poi,92,,,curado_local/manual,
1258,UPE,upe,punto_referencia,Alto Parana,poi,92,,,curado_local/manual,
1259,Universidad Catolica,universidad catolica,punto_referencia,Alto Parana,poi,92,,,curado_local/manual,
1260,Universidad Catolica,universidadcatolica,punto_referencia,Alto Parana,poi,92,,,curado_local/manual,
1261,Facultad Politecnica UNE,facultad politecnica une,punto_referencia,Alto Parana,poi,92,,,curado_local/manual,
1262,Facultad Politecnica UNE,facultadpolitecnicaune,punto_referencia,Alto Parana,poi,92,,,curado_local/manual,
1263,Rectorado UNE,rectorado une,punto_referencia,Alto Parana,poi,92,,,curado_local/manual,
1264,Rectorado UNE,rectoradoune,punto_referencia,Alto Parana,poi,92,,,curado_local/manual,
1265,Catedral San Blas,catedral s blas,punto_referencia,Alto Parana,poi,92,,,curado_local/manual,
1266,Catedral San Blas,catedral san blas,punto_referencia,Alto Parana,poi,92,,,curado_local/manual,
1267,Catedral San Blas,catedralsanblas,punto_referencia,Alto Parana,poi,92,,,curado_local/manual,
1268,Catedral San Blas,catedralsblas,punto_referencia,Alto Parana,poi,92,,,curado_local/manual,
1269,Parque Alejo Garcia,parque alejo garcia,punto_referencia,Alto Parana,poi,92,,,curado_local/manual,
1270,Parque Alejo Garcia,parquealejogarcia,punto_referencia,Alto Parana,poi,92,,,curado_local/manual,
1271,Estadio Antonio Aranda,estadio antonio aranda,punto_referencia,Alto Parana,poi,92,,,curado_local/manual,
1272,Estadio Antonio Aranda,estadioantonioaranda,punto_referencia,Alto Parana,poi,92,,,curado_local/manual,
1273,Club Area 1,club area 1,punto_referencia,Alto Parana,poi,92,,,curado_local/manual,
1274,Club Area 1,clubarea1,punto_referencia,Alto Parana,poi,92,,,curado_local/manual,
1275,Rotonda Oasis,rotonda oasis,punto_referencia,Alto Parana,poi,92,,,curado_local/manual,
1276,Rotonda Oasis,rotondaoasis,punto_referencia,Alto Parana,poi,92,,,curado_local/manual,
1277,Rotonda Km 4,rotonda km 4,punto_referencia,Alto Parana,poi,92,,,curado_local/manual,
1278,Rotonda Km 4,rotondakm4,punto_referencia,Alto Parana,poi,92,,,curado_local/manual,
1279,Rotonda Area 1,rotonda area 1,punto_referencia,Alto Parana,poi,92,,,curado_local/manual,
1280,Rotonda Area 1,rotondaarea1,punto_referencia,Alto Parana,poi,92,,,curado_local/manual,
1281,Viaducto Km 7,viaducto km 7,punto_referencia,Alto Parana,poi,92,,,curado_local/manual,
1282,Viaducto Km 7,viaductokm7,punto_referencia,Alto Parana,poi,92,,,curado_local/manual,
1283,Municipalidad de Ciudad del Este,municipalidad ciudad este,punto_referencia,Alto Parana,poi,92,,,curado_local/manual,
1284,Municipalidad de Ciudad del Este,municipalidad de cde,punto_referencia,Alto Parana,poi,92,,,curado_local/manual,
1285,Municipalidad de Ciudad del Este,municipalidad de ciudad del este,punto_referencia,Alto Parana,poi,92,,,curado_local/manual,
1286,Municipalidad de Ciudad del Este,municipalidaddecde,punto_referencia,Alto Parana,poi,92,,,curado_local/manual,
1287,Municipalidad de Ciudad del Este,municipalidaddeciudaddeleste,punto_referencia,Alto Parana,poi,92,,,curado_local/manual,
1288,Palacete Municipal,palacete municipal,punto_referencia,Alto Parana,poi,92,,,curado_local/manual,
1289,Palacete Municipal,palacetemunicipal,punto_referencia,Alto Parana,poi,92,,,curado_local/manual,
1290,Poder Judicial CDE,poder judicial cde,punto_referencia,Alto Parana,poi,92,,,curado_local/manual,
1291,Poder Judicial CDE,poderjudicialcde,punto_referencia,Alto Parana,poi,92,,,curado_local/manual,
1292,Fiscalia CDE,fiscalia cde,punto_referencia,Alto Parana,poi,92,,,curado_local/manual,
1293,Fiscalia CDE,fiscaliacde,punto_referencia,Alto Parana,poi,92,,,curado_local/manual,
1294,Gobernacion de Alto Parana,gobernacion alto parana,punto_referencia,Alto Parana,poi,92,,,curado_local/manual,
1295,Gobernacion de Alto Parana,gobernacion de alto parana,punto_referencia,Alto Parana,poi,92,,,curado_local/manual,
1296,Gobernacion de Alto Parana,gobernaciondealtoparana,punto_referencia,Alto Parana,poi,92,,,curado_local/manual,
1297,Biggie,biggie ciudad del este,negocio_cadena,Ciudad del Este,negocio,60,,,plantilla_geocodificar,Completar coordenadas con Mapbox/OSM
1298,Biggie,biggie,negocio_cadena,Ciudad del Este,negocio,55,,,plantilla_geocodificar,Puede tener múltiples sucursales
1299,Biggie,biggie presidente franco,negocio_cadena,Presidente Franco,negocio,60,,,plantilla_geocodificar,Completar coordenadas con Mapbox/OSM
1300,Biggie,biggie,negocio_cadena,Presidente Franco,negocio,55,,,plantilla_geocodificar,Puede tener múltiples sucursales
1301,Biggie,biggie hernandarias,negocio_cadena,Hernandarias,negocio,60,,,plantilla_geocodificar,Completar coordenadas con Mapbox/OSM
1302,Biggie,biggie,negocio_cadena,Hernandarias,negocio,55,,,plantilla_geocodificar,Puede tener múltiples sucursales
1303,Biggie,biggie minga guazu,negocio_cadena,Minga Guazu,negocio,60,,,plantilla_geocodificar,Completar coordenadas con Mapbox/OSM
1304,Biggie,biggie,negocio_cadena,Minga Guazu,negocio,55,,,plantilla_geocodificar,Puede tener múltiples sucursales
1305,Superseis,superseis ciudad del este,negocio_cadena,Ciudad del Este,negocio,60,,,plantilla_geocodificar,Completar coordenadas con Mapbox/OSM
1306,Superseis,superseis,negocio_cadena,Ciudad del Este,negocio,55,,,plantilla_geocodificar,Puede tener múltiples sucursales
1307,Superseis,superseis presidente franco,negocio_cadena,Presidente Franco,negocio,60,,,plantilla_geocodificar,Completar coordenadas con Mapbox/OSM
1308,Superseis,superseis,negocio_cadena,Presidente Franco,negocio,55,,,plantilla_geocodificar,Puede tener múltiples sucursales
1309,Superseis,superseis hernandarias,negocio_cadena,Hernandarias,negocio,60,,,plantilla_geocodificar,Completar coordenadas con Mapbox/OSM
1310,Superseis,superseis,negocio_cadena,Hernandarias,negocio,55,,,plantilla_geocodificar,Puede tener múltiples sucursales
1311,Superseis,superseis minga guazu,negocio_cadena,Minga Guazu,negocio,60,,,plantilla_geocodificar,Completar coordenadas con Mapbox/OSM
1312,Superseis,superseis,negocio_cadena,Minga Guazu,negocio,55,,,plantilla_geocodificar,Puede tener múltiples sucursales
1313,Stock,stock ciudad del este,negocio_cadena,Ciudad del Este,negocio,60,,,plantilla_geocodificar,Completar coordenadas con Mapbox/OSM
1314,Stock,stock,negocio_cadena,Ciudad del Este,negocio,55,,,plantilla_geocodificar,Puede tener múltiples sucursales
1315,Stock,stock presidente franco,negocio_cadena,Presidente Franco,negocio,60,,,plantilla_geocodificar,Completar coordenadas con Mapbox/OSM
1316,Stock,stock,negocio_cadena,Presidente Franco,negocio,55,,,plantilla_geocodificar,Puede tener múltiples sucursales
1317,Stock,stock hernandarias,negocio_cadena,Hernandarias,negocio,60,,,plantilla_geocodificar,Completar coordenadas con Mapbox/OSM
1318,Stock,stock,negocio_cadena,Hernandarias,negocio,55,,,plantilla_geocodificar,Puede tener múltiples sucursales
1319,Stock,stock minga guazu,negocio_cadena,Minga Guazu,negocio,60,,,plantilla_geocodificar,Completar coordenadas con Mapbox/OSM
1320,Stock,stock,negocio_cadena,Minga Guazu,negocio,55,,,plantilla_geocodificar,Puede tener múltiples sucursales
1321,Fortis,fortis ciudad del este,negocio_cadena,Ciudad del Este,negocio,60,,,plantilla_geocodificar,Completar coordenadas con Mapbox/OSM
1322,Fortis,fortis,negocio_cadena,Ciudad del Este,negocio,55,,,plantilla_geocodificar,Puede tener múltiples sucursales
1323,Fortis,fortis presidente franco,negocio_cadena,Presidente Franco,negocio,60,,,plantilla_geocodificar,Completar coordenadas con Mapbox/OSM
1324,Fortis,fortis,negocio_cadena,Presidente Franco,negocio,55,,,plantilla_geocodificar,Puede tener múltiples sucursales
1325,Fortis,fortis hernandarias,negocio_cadena,Hernandarias,negocio,60,,,plantilla_geocodificar,Completar coordenadas con Mapbox/OSM
1326,Fortis,fortis,negocio_cadena,Hernandarias,negocio,55,,,plantilla_geocodificar,Puede tener múltiples sucursales
1327,Fortis,fortis minga guazu,negocio_cadena,Minga Guazu,negocio,60,,,plantilla_geocodificar,Completar coordenadas con Mapbox/OSM
1328,Fortis,fortis,negocio_cadena,Minga Guazu,negocio,55,,,plantilla_geocodificar,Puede tener múltiples sucursales
1329,Salemma,salemma ciudad del este,negocio_cadena,Ciudad del Este,negocio,60,,,plantilla_geocodificar,Completar coordenadas con Mapbox/OSM
1330,Salemma,salemma,negocio_cadena,Ciudad del Este,negocio,55,,,plantilla_geocodificar,Puede tener múltiples sucursales
1331,Salemma,salemma presidente franco,negocio_cadena,Presidente Franco,negocio,60,,,plantilla_geocodificar,Completar coordenadas con Mapbox/OSM
1332,Salemma,salemma,negocio_cadena,Presidente Franco,negocio,55,,,plantilla_geocodificar,Puede tener múltiples sucursales
1333,Salemma,salemma hernandarias,negocio_cadena,Hernandarias,negocio,60,,,plantilla_geocodificar,Completar coordenadas con Mapbox/OSM
1334,Salemma,salemma,negocio_cadena,Hernandarias,negocio,55,,,plantilla_geocodificar,Puede tener múltiples sucursales
1335,Salemma,salemma minga guazu,negocio_cadena,Minga Guazu,negocio,60,,,plantilla_geocodificar,Completar coordenadas con Mapbox/OSM
1336,Salemma,salemma,negocio_cadena,Minga Guazu,negocio,55,,,plantilla_geocodificar,Puede tener múltiples sucursales
1337,Gran Via,gran via ciudad del este,negocio_cadena,Ciudad del Este,negocio,60,,,plantilla_geocodificar,Completar coordenadas con Mapbox/OSM
1338,Gran Via,granvia ciudad del este,negocio_cadena,Ciudad del Este,negocio,60,,,plantilla_geocodificar,Completar coordenadas con Mapbox/OSM
1339,Gran Via,gran via,negocio_cadena,Ciudad del Este,negocio,55,,,plantilla_geocodificar,Puede tener múltiples sucursales
1340,Gran Via,gran via presidente franco,negocio_cadena,Presidente Franco,negocio,60,,,plantilla_geocodificar,Completar coordenadas con Mapbox/OSM
1341,Gran Via,granvia presidente franco,negocio_cadena,Presidente Franco,negocio,60,,,plantilla_geocodificar,Completar coordenadas con Mapbox/OSM
1342,Gran Via,gran via,negocio_cadena,Presidente Franco,negocio,55,,,plantilla_geocodificar,Puede tener múltiples sucursales
1343,Gran Via,gran via hernandarias,negocio_cadena,Hernandarias,negocio,60,,,plantilla_geocodificar,Completar coordenadas con Mapbox/OSM
1344,Gran Via,granvia hernandarias,negocio_cadena,Hernandarias,negocio,60,,,plantilla_geocodificar,Completar coordenadas con Mapbox/OSM
1345,Gran Via,gran via,negocio_cadena,Hernandarias,negocio,55,,,plantilla_geocodificar,Puede tener múltiples sucursales
1346,Gran Via,gran via minga guazu,negocio_cadena,Minga Guazu,negocio,60,,,plantilla_geocodificar,Completar coordenadas con Mapbox/OSM
1347,Gran Via,granvia minga guazu,negocio_cadena,Minga Guazu,negocio,60,,,plantilla_geocodificar,Completar coordenadas con Mapbox/OSM
1348,Gran Via,gran via,negocio_cadena,Minga Guazu,negocio,55,,,plantilla_geocodificar,Puede tener múltiples sucursales
1349,Burger King,burger king ciudad del este,negocio_cadena,Ciudad del Este,negocio,60,,,plantilla_geocodificar,Completar coordenadas con Mapbox/OSM
1350,Burger King,burgerking ciudad del este,negocio_cadena,Ciudad del Este,negocio,60,,,plantilla_geocodificar,Completar coordenadas con Mapbox/OSM
1351,Burger King,burger king,negocio_cadena,Ciudad del Este,negocio,55,,,plantilla_geocodificar,Puede tener múltiples sucursales
1352,Burger King,burger king presidente franco,negocio_cadena,Presidente Franco,negocio,60,,,plantilla_geocodificar,Completar coordenadas con Mapbox/OSM
1353,Burger King,burgerking presidente franco,negocio_cadena,Presidente Franco,negocio,60,,,plantilla_geocodificar,Completar coordenadas con Mapbox/OSM
1354,Burger King,burger king,negocio_cadena,Presidente Franco,negocio,55,,,plantilla_geocodificar,Puede tener múltiples sucursales
1355,Burger King,burger king hernandarias,negocio_cadena,Hernandarias,negocio,60,,,plantilla_geocodificar,Completar coordenadas con Mapbox/OSM
1356,Burger King,burgerking hernandarias,negocio_cadena,Hernandarias,negocio,60,,,plantilla_geocodificar,Completar coordenadas con Mapbox/OSM
1357,Burger King,burger king,negocio_cadena,Hernandarias,negocio,55,,,plantilla_geocodificar,Puede tener múltiples sucursales
1358,Burger King,burger king minga guazu,negocio_cadena,Minga Guazu,negocio,60,,,plantilla_geocodificar,Completar coordenadas con Mapbox/OSM
1359,Burger King,burgerking minga guazu,negocio_cadena,Minga Guazu,negocio,60,,,plantilla_geocodificar,Completar coordenadas con Mapbox/OSM
1360,Burger King,burger king,negocio_cadena,Minga Guazu,negocio,55,,,plantilla_geocodificar,Puede tener múltiples sucursales
1361,McDonalds,mcdonalds ciudad del este,negocio_cadena,Ciudad del Este,negocio,60,,,plantilla_geocodificar,Completar coordenadas con Mapbox/OSM
1362,McDonalds,mcdonalds,negocio_cadena,Ciudad del Este,negocio,55,,,plantilla_geocodificar,Puede tener múltiples sucursales
1363,McDonalds,mcdonalds presidente franco,negocio_cadena,Presidente Franco,negocio,60,,,plantilla_geocodificar,Completar coordenadas con Mapbox/OSM
1364,McDonalds,mcdonalds,negocio_cadena,Presidente Franco,negocio,55,,,plantilla_geocodificar,Puede tener múltiples sucursales
1365,McDonalds,mcdonalds hernandarias,negocio_cadena,Hernandarias,negocio,60,,,plantilla_geocodificar,Completar coordenadas con Mapbox/OSM
1366,McDonalds,mcdonalds,negocio_cadena,Hernandarias,negocio,55,,,plantilla_geocodificar,Puede tener múltiples sucursales
1367,McDonalds,mcdonalds minga guazu,negocio_cadena,Minga Guazu,negocio,60,,,plantilla_geocodificar,Completar coordenadas con Mapbox/OSM
1368,McDonalds,mcdonalds,negocio_cadena,Minga Guazu,negocio,55,,,plantilla_geocodificar,Puede tener múltiples sucursales
1369,Pizza Hut,pizza hut ciudad del este,negocio_cadena,Ciudad del Este,negocio,60,,,plantilla_geocodificar,Completar coordenadas con Mapbox/OSM
1370,Pizza Hut,pizzahut ciudad del este,negocio_cadena,Ciudad del Este,negocio,60,,,plantilla_geocodificar,Completar coordenadas con Mapbox/OSM
1371,Pizza Hut,pizza hut,negocio_cadena,Ciudad del Este,negocio,55,,,plantilla_geocodificar,Puede tener múltiples sucursales
1372,Pizza Hut,pizza hut presidente franco,negocio_cadena,Presidente Franco,negocio,60,,,plantilla_geocodificar,Completar coordenadas con Mapbox/OSM
1373,Pizza Hut,pizzahut presidente franco,negocio_cadena,Presidente Franco,negocio,60,,,plantilla_geocodificar,Completar coordenadas con Mapbox/OSM
1374,Pizza Hut,pizza hut,negocio_cadena,Presidente Franco,negocio,55,,,plantilla_geocodificar,Puede tener múltiples sucursales
1375,Pizza Hut,pizza hut hernandarias,negocio_cadena,Hernandarias,negocio,60,,,plantilla_geocodificar,Completar coordenadas con Mapbox/OSM
1376,Pizza Hut,pizzahut hernandarias,negocio_cadena,Hernandarias,negocio,60,,,plantilla_geocodificar,Completar coordenadas con Mapbox/OSM
1377,Pizza Hut,pizza hut,negocio_cadena,Hernandarias,negocio,55,,,plantilla_geocodificar,Puede tener múltiples sucursales
1378,Pizza Hut,pizza hut minga guazu,negocio_cadena,Minga Guazu,negocio,60,,,plantilla_geocodificar,Completar coordenadas con Mapbox/OSM
1379,Pizza Hut,pizzahut minga guazu,negocio_cadena,Minga Guazu,negocio,60,,,plantilla_geocodificar,Completar coordenadas con Mapbox/OSM
1380,Pizza Hut,pizza hut,negocio_cadena,Minga Guazu,negocio,55,,,plantilla_geocodificar,Puede tener múltiples sucursales
1381,KFC,kfc ciudad del este,negocio_cadena,Ciudad del Este,negocio,60,,,plantilla_geocodificar,Completar coordenadas con Mapbox/OSM
1382,KFC,kfc,negocio_cadena,Ciudad del Este,negocio,55,,,plantilla_geocodificar,Puede tener múltiples sucursales
1383,KFC,kfc presidente franco,negocio_cadena,Presidente Franco,negocio,60,,,plantilla_geocodificar,Completar coordenadas con Mapbox/OSM
1384,KFC,kfc,negocio_cadena,Presidente Franco,negocio,55,,,plantilla_geocodificar,Puede tener múltiples sucursales
1385,KFC,kfc hernandarias,negocio_cadena,Hernandarias,negocio,60,,,plantilla_geocodificar,Completar coordenadas con Mapbox/OSM
1386,KFC,kfc,negocio_cadena,Hernandarias,negocio,55,,,plantilla_geocodificar,Puede tener múltiples sucursales
1387,KFC,kfc minga guazu,negocio_cadena,Minga Guazu,negocio,60,,,plantilla_geocodificar,Completar coordenadas con Mapbox/OSM
1388,KFC,kfc,negocio_cadena,Minga Guazu,negocio,55,,,plantilla_geocodificar,Puede tener múltiples sucursales
1389,Havanna,havanna ciudad del este,negocio_cadena,Ciudad del Este,negocio,60,,,plantilla_geocodificar,Completar coordenadas con Mapbox/OSM
1390,Havanna,havanna,negocio_cadena,Ciudad del Este,negocio,55,,,plantilla_geocodificar,Puede tener múltiples sucursales
1391,Havanna,havanna presidente franco,negocio_cadena,Presidente Franco,negocio,60,,,plantilla_geocodificar,Completar coordenadas con Mapbox/OSM
1392,Havanna,havanna,negocio_cadena,Presidente Franco,negocio,55,,,plantilla_geocodificar,Puede tener múltiples sucursales
1393,Havanna,havanna hernandarias,negocio_cadena,Hernandarias,negocio,60,,,plantilla_geocodificar,Completar coordenadas con Mapbox/OSM
1394,Havanna,havanna,negocio_cadena,Hernandarias,negocio,55,,,plantilla_geocodificar,Puede tener múltiples sucursales
1395,Havanna,havanna minga guazu,negocio_cadena,Minga Guazu,negocio,60,,,plantilla_geocodificar,Completar coordenadas con Mapbox/OSM
1396,Havanna,havanna,negocio_cadena,Minga Guazu,negocio,55,,,plantilla_geocodificar,Puede tener múltiples sucursales
1397,Farmacenter,farmacenter ciudad del este,negocio_cadena,Ciudad del Este,negocio,60,,,plantilla_geocodificar,Completar coordenadas con Mapbox/OSM
1398,Farmacenter,farmacenter,negocio_cadena,Ciudad del Este,negocio,55,,,plantilla_geocodificar,Puede tener múltiples sucursales
1399,Farmacenter,farmacenter presidente franco,negocio_cadena,Presidente Franco,negocio,60,,,plantilla_geocodificar,Completar coordenadas con Mapbox/OSM
1400,Farmacenter,farmacenter,negocio_cadena,Presidente Franco,negocio,55,,,plantilla_geocodificar,Puede tener múltiples sucursales
1401,Farmacenter,farmacenter hernandarias,negocio_cadena,Hernandarias,negocio,60,,,plantilla_geocodificar,Completar coordenadas con Mapbox/OSM
1402,Farmacenter,farmacenter,negocio_cadena,Hernandarias,negocio,55,,,plantilla_geocodificar,Puede tener múltiples sucursales
1403,Farmacenter,farmacenter minga guazu,negocio_cadena,Minga Guazu,negocio,60,,,plantilla_geocodificar,Completar coordenadas con Mapbox/OSM
1404,Farmacenter,farmacenter,negocio_cadena,Minga Guazu,negocio,55,,,plantilla_geocodificar,Puede tener múltiples sucursales
1405,Punto Farma,punto farma ciudad del este,negocio_cadena,Ciudad del Este,negocio,60,,,plantilla_geocodificar,Completar coordenadas con Mapbox/OSM
1406,Punto Farma,puntofarma ciudad del este,negocio_cadena,Ciudad del Este,negocio,60,,,plantilla_geocodificar,Completar coordenadas con Mapbox/OSM
1407,Punto Farma,punto farma,negocio_cadena,Ciudad del Este,negocio,55,,,plantilla_geocodificar,Puede tener múltiples sucursales
1408,Punto Farma,punto farma presidente franco,negocio_cadena,Presidente Franco,negocio,60,,,plantilla_geocodificar,Completar coordenadas con Mapbox/OSM
1409,Punto Farma,puntofarma presidente franco,negocio_cadena,Presidente Franco,negocio,60,,,plantilla_geocodificar,Completar coordenadas con Mapbox/OSM
1410,Punto Farma,punto farma,negocio_cadena,Presidente Franco,negocio,55,,,plantilla_geocodificar,Puede tener múltiples sucursales
1411,Punto Farma,punto farma hernandarias,negocio_cadena,Hernandarias,negocio,60,,,plantilla_geocodificar,Completar coordenadas con Mapbox/OSM
1412,Punto Farma,puntofarma hernandarias,negocio_cadena,Hernandarias,negocio,60,,,plantilla_geocodificar,Completar coordenadas con Mapbox/OSM
1413,Punto Farma,punto farma,negocio_cadena,Hernandarias,negocio,55,,,plantilla_geocodificar,Puede tener múltiples sucursales
1414,Punto Farma,punto farma minga guazu,negocio_cadena,Minga Guazu,negocio,60,,,plantilla_geocodificar,Completar coordenadas con Mapbox/OSM
1415,Punto Farma,puntofarma minga guazu,negocio_cadena,Minga Guazu,negocio,60,,,plantilla_geocodificar,Completar coordenadas con Mapbox/OSM
1416,Punto Farma,punto farma,negocio_cadena,Minga Guazu,negocio,55,,,plantilla_geocodificar,Puede tener múltiples sucursales
1417,Farmacia Catedral,farmacia catedral ciudad del este,negocio_cadena,Ciudad del Este,negocio,60,,,plantilla_geocodificar,Completar coordenadas con Mapbox/OSM
1418,Farmacia Catedral,farmaciacatedral ciudad del este,negocio_cadena,Ciudad del Este,negocio,60,,,plantilla_geocodificar,Completar coordenadas con Mapbox/OSM
1419,Farmacia Catedral,farmacia catedral,negocio_cadena,Ciudad del Este,negocio,55,,,plantilla_geocodificar,Puede tener múltiples sucursales
1420,Farmacia Catedral,farmacia catedral presidente franco,negocio_cadena,Presidente Franco,negocio,60,,,plantilla_geocodificar,Completar coordenadas con Mapbox/OSM
1421,Farmacia Catedral,farmaciacatedral presidente franco,negocio_cadena,Presidente Franco,negocio,60,,,plantilla_geocodificar,Completar coordenadas con Mapbox/OSM
1422,Farmacia Catedral,farmacia catedral,negocio_cadena,Presidente Franco,negocio,55,,,plantilla_geocodificar,Puede tener múltiples sucursales
1423,Farmacia Catedral,farmacia catedral hernandarias,negocio_cadena,Hernandarias,negocio,60,,,plantilla_geocodificar,Completar coordenadas con Mapbox/OSM
1424,Farmacia Catedral,farmaciacatedral hernandarias,negocio_cadena,Hernandarias,negocio,60,,,plantilla_geocodificar,Completar coordenadas con Mapbox/OSM
1425,Farmacia Catedral,farmacia catedral,negocio_cadena,Hernandarias,negocio,55,,,plantilla_geocodificar,Puede tener múltiples sucursales
1426,Farmacia Catedral,farmacia catedral minga guazu,negocio_cadena,Minga Guazu,negocio,60,,,plantilla_geocodificar,Completar coordenadas con Mapbox/OSM
1427,Farmacia Catedral,farmaciacatedral minga guazu,negocio_cadena,Minga Guazu,negocio,60,,,plantilla_geocodificar,Completar coordenadas con Mapbox/OSM
1428,Farmacia Catedral,farmacia catedral,negocio_cadena,Minga Guazu,negocio,55,,,plantilla_geocodificar,Puede tener múltiples sucursales
1429,Petropar,petropar ciudad del este,negocio_cadena,Ciudad del Este,negocio,60,,,plantilla_geocodificar,Completar coordenadas con Mapbox/OSM
1430,Petropar,petropar,negocio_cadena,Ciudad del Este,negocio,55,,,plantilla_geocodificar,Puede tener múltiples sucursales
1431,Petropar,petropar presidente franco,negocio_cadena,Presidente Franco,negocio,60,,,plantilla_geocodificar,Completar coordenadas con Mapbox/OSM
1432,Petropar,petropar,negocio_cadena,Presidente Franco,negocio,55,,,plantilla_geocodificar,Puede tener múltiples sucursales
1433,Petropar,petropar hernandarias,negocio_cadena,Hernandarias,negocio,60,,,plantilla_geocodificar,Completar coordenadas con Mapbox/OSM
1434,Petropar,petropar,negocio_cadena,Hernandarias,negocio,55,,,plantilla_geocodificar,Puede tener múltiples sucursales
1435,Petropar,petropar minga guazu,negocio_cadena,Minga Guazu,negocio,60,,,plantilla_geocodificar,Completar coordenadas con Mapbox/OSM
1436,Petropar,petropar,negocio_cadena,Minga Guazu,negocio,55,,,plantilla_geocodificar,Puede tener múltiples sucursales
1437,Copetrol,copetrol ciudad del este,negocio_cadena,Ciudad del Este,negocio,60,,,plantilla_geocodificar,Completar coordenadas con Mapbox/OSM
1438,Copetrol,copetrol,negocio_cadena,Ciudad del Este,negocio,55,,,plantilla_geocodificar,Puede tener múltiples sucursales
1439,Copetrol,copetrol presidente franco,negocio_cadena,Presidente Franco,negocio,60,,,plantilla_geocodificar,Completar coordenadas con Mapbox/OSM
1440,Copetrol,copetrol,negocio_cadena,Presidente Franco,negocio,55,,,plantilla_geocodificar,Puede tener múltiples sucursales
1441,Copetrol,copetrol hernandarias,negocio_cadena,Hernandarias,negocio,60,,,plantilla_geocodificar,Completar coordenadas con Mapbox/OSM
1442,Copetrol,copetrol,negocio_cadena,Hernandarias,negocio,55,,,plantilla_geocodificar,Puede tener múltiples sucursales
1443,Copetrol,copetrol minga guazu,negocio_cadena,Minga Guazu,negocio,60,,,plantilla_geocodificar,Completar coordenadas con Mapbox/OSM
1444,Copetrol,copetrol,negocio_cadena,Minga Guazu,negocio,55,,,plantilla_geocodificar,Puede tener múltiples sucursales
1445,Petrobras,petrobras ciudad del este,negocio_cadena,Ciudad del Este,negocio,60,,,plantilla_geocodificar,Completar coordenadas con Mapbox/OSM
1446,Petrobras,petrobras,negocio_cadena,Ciudad del Este,negocio,55,,,plantilla_geocodificar,Puede tener múltiples sucursales
1447,Petrobras,petrobras presidente franco,negocio_cadena,Presidente Franco,negocio,60,,,plantilla_geocodificar,Completar coordenadas con Mapbox/OSM
1448,Petrobras,petrobras,negocio_cadena,Presidente Franco,negocio,55,,,plantilla_geocodificar,Puede tener múltiples sucursales
1449,Petrobras,petrobras hernandarias,negocio_cadena,Hernandarias,negocio,60,,,plantilla_geocodificar,Completar coordenadas con Mapbox/OSM
1450,Petrobras,petrobras,negocio_cadena,Hernandarias,negocio,55,,,plantilla_geocodificar,Puede tener múltiples sucursales
1451,Petrobras,petrobras minga guazu,negocio_cadena,Minga Guazu,negocio,60,,,plantilla_geocodificar,Completar coordenadas con Mapbox/OSM
1452,Petrobras,petrobras,negocio_cadena,Minga Guazu,negocio,55,,,plantilla_geocodificar,Puede tener múltiples sucursales
1453,Shell,shell ciudad del este,negocio_cadena,Ciudad del Este,negocio,60,,,plantilla_geocodificar,Completar coordenadas con Mapbox/OSM
1454,Shell,shell,negocio_cadena,Ciudad del Este,negocio,55,,,plantilla_geocodificar,Puede tener múltiples sucursales
1455,Shell,shell presidente franco,negocio_cadena,Presidente Franco,negocio,60,,,plantilla_geocodificar,Completar coordenadas con Mapbox/OSM
1456,Shell,shell,negocio_cadena,Presidente Franco,negocio,55,,,plantilla_geocodificar,Puede tener múltiples sucursales
1457,Shell,shell hernandarias,negocio_cadena,Hernandarias,negocio,60,,,plantilla_geocodificar,Completar coordenadas con Mapbox/OSM
1458,Shell,shell,negocio_cadena,Hernandarias,negocio,55,,,plantilla_geocodificar,Puede tener múltiples sucursales
1459,Shell,shell minga guazu,negocio_cadena,Minga Guazu,negocio,60,,,plantilla_geocodificar,Completar coordenadas con Mapbox/OSM
1460,Shell,shell,negocio_cadena,Minga Guazu,negocio,55,,,plantilla_geocodificar,Puede tener múltiples sucursales
1461,BR,br ciudad del este,negocio_cadena,Ciudad del Este,negocio,60,,,plantilla_geocodificar,Completar coordenadas con Mapbox/OSM
1462,BR,br,negocio_cadena,Ciudad del Este,negocio,55,,,plantilla_geocodificar,Puede tener múltiples sucursales
1463,BR,br presidente franco,negocio_cadena,Presidente Franco,negocio,60,,,plantilla_geocodificar,Completar coordenadas con Mapbox/OSM
1464,BR,br,negocio_cadena,Presidente Franco,negocio,55,,,plantilla_geocodificar,Puede tener múltiples sucursales
1465,BR,br hernandarias,negocio_cadena,Hernandarias,negocio,60,,,plantilla_geocodificar,Completar coordenadas con Mapbox/OSM
1466,BR,br,negocio_cadena,Hernandarias,negocio,55,,,plantilla_geocodificar,Puede tener múltiples sucursales
1467,BR,br minga guazu,negocio_cadena,Minga Guazu,negocio,60,,,plantilla_geocodificar,Completar coordenadas con Mapbox/OSM
1468,BR,br,negocio_cadena,Minga Guazu,negocio,55,,,plantilla_geocodificar,Puede tener múltiples sucursales
1469,Puma,puma ciudad del este,negocio_cadena,Ciudad del Este,negocio,60,,,plantilla_geocodificar,Completar coordenadas con Mapbox/OSM
1470,Puma,puma,negocio_cadena,Ciudad del Este,negocio,55,,,plantilla_geocodificar,Puede tener múltiples sucursales
1471,Puma,puma presidente franco,negocio_cadena,Presidente Franco,negocio,60,,,plantilla_geocodificar,Completar coordenadas con Mapbox/OSM
1472,Puma,puma,negocio_cadena,Presidente Franco,negocio,55,,,plantilla_geocodificar,Puede tener múltiples sucursales
1473,Puma,puma hernandarias,negocio_cadena,Hernandarias,negocio,60,,,plantilla_geocodificar,Completar coordenadas con Mapbox/OSM
1474,Puma,puma,negocio_cadena,Hernandarias,negocio,55,,,plantilla_geocodificar,Puede tener múltiples sucursales
1475,Puma,puma minga guazu,negocio_cadena,Minga Guazu,negocio,60,,,plantilla_geocodificar,Completar coordenadas con Mapbox/OSM
1476,Puma,puma,negocio_cadena,Minga Guazu,negocio,55,,,plantilla_geocodificar,Puede tener múltiples sucursales
1477,Enex,enex ciudad del este,negocio_cadena,Ciudad del Este,negocio,60,,,plantilla_geocodificar,Completar coordenadas con Mapbox/OSM
1478,Enex,enex,negocio_cadena,Ciudad del Este,negocio,55,,,plantilla_geocodificar,Puede tener múltiples sucursales
1479,Enex,enex presidente franco,negocio_cadena,Presidente Franco,negocio,60,,,plantilla_geocodificar,Completar coordenadas con Mapbox/OSM
1480,Enex,enex,negocio_cadena,Presidente Franco,negocio,55,,,plantilla_geocodificar,Puede tener múltiples sucursales
1481,Enex,enex hernandarias,negocio_cadena,Hernandarias,negocio,60,,,plantilla_geocodificar,Completar coordenadas con Mapbox/OSM
1482,Enex,enex,negocio_cadena,Hernandarias,negocio,55,,,plantilla_geocodificar,Puede tener múltiples sucursales
1483,Enex,enex minga guazu,negocio_cadena,Minga Guazu,negocio,60,,,plantilla_geocodificar,Completar coordenadas con Mapbox/OSM
1484,Enex,enex,negocio_cadena,Minga Guazu,negocio,55,,,plantilla_geocodificar,Puede tener múltiples sucursales
1485,Banco Nacional de Fomento,banco nacional fomento ciudad del este,negocio_cadena,Ciudad del Este,negocio,60,,,plantilla_geocodificar,Completar coordenadas con Mapbox/OSM
1486,Banco Nacional de Fomento,banco nacional de fomento ciudad del este,negocio_cadena,Ciudad del Este,negocio,60,,,plantilla_geocodificar,Completar coordenadas con Mapbox/OSM
1487,Banco Nacional de Fomento,banconacionaldefomento ciudad del este,negocio_cadena,Ciudad del Este,negocio,60,,,plantilla_geocodificar,Completar coordenadas con Mapbox/OSM
1488,Banco Nacional de Fomento,banco nacional de fomento,negocio_cadena,Ciudad del Este,negocio,55,,,plantilla_geocodificar,Puede tener múltiples sucursales
1489,Banco Nacional de Fomento,banco nacional fomento presidente franco,negocio_cadena,Presidente Franco,negocio,60,,,plantilla_geocodificar,Completar coordenadas con Mapbox/OSM
1490,Banco Nacional de Fomento,banco nacional de fomento presidente franco,negocio_cadena,Presidente Franco,negocio,60,,,plantilla_geocodificar,Completar coordenadas con Mapbox/OSM
1491,Banco Nacional de Fomento,banconacionaldefomento presidente franco,negocio_cadena,Presidente Franco,negocio,60,,,plantilla_geocodificar,Completar coordenadas con Mapbox/OSM
1492,Banco Nacional de Fomento,banco nacional de fomento,negocio_cadena,Presidente Franco,negocio,55,,,plantilla_geocodificar,Puede tener múltiples sucursales
1493,Banco Nacional de Fomento,banco nacional fomento hernandarias,negocio_cadena,Hernandarias,negocio,60,,,plantilla_geocodificar,Completar coordenadas con Mapbox/OSM
1494,Banco Nacional de Fomento,banco nacional de fomento hernandarias,negocio_cadena,Hernandarias,negocio,60,,,plantilla_geocodificar,Completar coordenadas con Mapbox/OSM
1495,Banco Nacional de Fomento,banconacionaldefomento hernandarias,negocio_cadena,Hernandarias,negocio,60,,,plantilla_geocodificar,Completar coordenadas con Mapbox/OSM
1496,Banco Nacional de Fomento,banco nacional de fomento,negocio_cadena,Hernandarias,negocio,55,,,plantilla_geocodificar,Puede tener múltiples sucursales
1497,Banco Nacional de Fomento,banco nacional fomento minga guazu,negocio_cadena,Minga Guazu,negocio,60,,,plantilla_geocodificar,Completar coordenadas con Mapbox/OSM
1498,Banco Nacional de Fomento,banco nacional de fomento minga guazu,negocio_cadena,Minga Guazu,negocio,60,,,plantilla_geocodificar,Completar coordenadas con Mapbox/OSM
1499,Banco Nacional de Fomento,banconacionaldefomento minga guazu,negocio_cadena,Minga Guazu,negocio,60,,,plantilla_geocodificar,Completar coordenadas con Mapbox/OSM
1500,Banco Nacional de Fomento,banco nacional de fomento,negocio_cadena,Minga Guazu,negocio,55,,,plantilla_geocodificar,Puede tener múltiples sucursales
1501,Banco Continental,banco continental ciudad del este,negocio_cadena,Ciudad del Este,negocio,60,,,plantilla_geocodificar,Completar coordenadas con Mapbox/OSM
1502,Banco Continental,bancocontinental ciudad del este,negocio_cadena,Ciudad del Este,negocio,60,,,plantilla_geocodificar,Completar coordenadas con Mapbox/OSM
1503,Banco Continental,banco continental,negocio_cadena,Ciudad del Este,negocio,55,,,plantilla_geocodificar,Puede tener múltiples sucursales
1504,Banco Continental,banco continental presidente franco,negocio_cadena,Presidente Franco,negocio,60,,,plantilla_geocodificar,Completar coordenadas con Mapbox/OSM
1505,Banco Continental,bancocontinental presidente franco,negocio_cadena,Presidente Franco,negocio,60,,,plantilla_geocodificar,Completar coordenadas con Mapbox/OSM
1506,Banco Continental,banco continental,negocio_cadena,Presidente Franco,negocio,55,,,plantilla_geocodificar,Puede tener múltiples sucursales
1507,Banco Continental,banco continental hernandarias,negocio_cadena,Hernandarias,negocio,60,,,plantilla_geocodificar,Completar coordenadas con Mapbox/OSM
1508,Banco Continental,bancocontinental hernandarias,negocio_cadena,Hernandarias,negocio,60,,,plantilla_geocodificar,Completar coordenadas con Mapbox/OSM
1509,Banco Continental,banco continental,negocio_cadena,Hernandarias,negocio,55,,,plantilla_geocodificar,Puede tener múltiples sucursales
1510,Banco Continental,banco continental minga guazu,negocio_cadena,Minga Guazu,negocio,60,,,plantilla_geocodificar,Completar coordenadas con Mapbox/OSM
1511,Banco Continental,bancocontinental minga guazu,negocio_cadena,Minga Guazu,negocio,60,,,plantilla_geocodificar,Completar coordenadas con Mapbox/OSM
1512,Banco Continental,banco continental,negocio_cadena,Minga Guazu,negocio,55,,,plantilla_geocodificar,Puede tener múltiples sucursales
1513,Banco Familiar,banco familiar ciudad del este,negocio_cadena,Ciudad del Este,negocio,60,,,plantilla_geocodificar,Completar coordenadas con Mapbox/OSM
1514,Banco Familiar,bancofamiliar ciudad del este,negocio_cadena,Ciudad del Este,negocio,60,,,plantilla_geocodificar,Completar coordenadas con Mapbox/OSM
1515,Banco Familiar,banco familiar,negocio_cadena,Ciudad del Este,negocio,55,,,plantilla_geocodificar,Puede tener múltiples sucursales
1516,Banco Familiar,banco familiar presidente franco,negocio_cadena,Presidente Franco,negocio,60,,,plantilla_geocodificar,Completar coordenadas con Mapbox/OSM
1517,Banco Familiar,bancofamiliar presidente franco,negocio_cadena,Presidente Franco,negocio,60,,,plantilla_geocodificar,Completar coordenadas con Mapbox/OSM
1518,Banco Familiar,banco familiar,negocio_cadena,Presidente Franco,negocio,55,,,plantilla_geocodificar,Puede tener múltiples sucursales
1519,Banco Familiar,banco familiar hernandarias,negocio_cadena,Hernandarias,negocio,60,,,plantilla_geocodificar,Completar coordenadas con Mapbox/OSM
1520,Banco Familiar,bancofamiliar hernandarias,negocio_cadena,Hernandarias,negocio,60,,,plantilla_geocodificar,Completar coordenadas con Mapbox/OSM
1521,Banco Familiar,banco familiar,negocio_cadena,Hernandarias,negocio,55,,,plantilla_geocodificar,Puede tener múltiples sucursales
1522,Banco Familiar,banco familiar minga guazu,negocio_cadena,Minga Guazu,negocio,60,,,plantilla_geocodificar,Completar coordenadas con Mapbox/OSM
1523,Banco Familiar,bancofamiliar minga guazu,negocio_cadena,Minga Guazu,negocio,60,,,plantilla_geocodificar,Completar coordenadas con Mapbox/OSM
1524,Banco Familiar,banco familiar,negocio_cadena,Minga Guazu,negocio,55,,,plantilla_geocodificar,Puede tener múltiples sucursales
1525,Banco Itau,banco itau ciudad del este,negocio_cadena,Ciudad del Este,negocio,60,,,plantilla_geocodificar,Completar coordenadas con Mapbox/OSM
1526,Banco Itau,bancoitau ciudad del este,negocio_cadena,Ciudad del Este,negocio,60,,,plantilla_geocodificar,Completar coordenadas con Mapbox/OSM
1527,Banco Itau,banco itau,negocio_cadena,Ciudad del Este,negocio,55,,,plantilla_geocodificar,Puede tener múltiples sucursales
1528,Banco Itau,banco itau presidente franco,negocio_cadena,Presidente Franco,negocio,60,,,plantilla_geocodificar,Completar coordenadas con Mapbox/OSM
1529,Banco Itau,bancoitau presidente franco,negocio_cadena,Presidente Franco,negocio,60,,,plantilla_geocodificar,Completar coordenadas con Mapbox/OSM
1530,Banco Itau,banco itau,negocio_cadena,Presidente Franco,negocio,55,,,plantilla_geocodificar,Puede tener múltiples sucursales
1531,Banco Itau,banco itau hernandarias,negocio_cadena,Hernandarias,negocio,60,,,plantilla_geocodificar,Completar coordenadas con Mapbox/OSM
1532,Banco Itau,bancoitau hernandarias,negocio_cadena,Hernandarias,negocio,60,,,plantilla_geocodificar,Completar coordenadas con Mapbox/OSM
1533,Banco Itau,banco itau,negocio_cadena,Hernandarias,negocio,55,,,plantilla_geocodificar,Puede tener múltiples sucursales
1534,Banco Itau,banco itau minga guazu,negocio_cadena,Minga Guazu,negocio,60,,,plantilla_geocodificar,Completar coordenadas con Mapbox/OSM
1535,Banco Itau,bancoitau minga guazu,negocio_cadena,Minga Guazu,negocio,60,,,plantilla_geocodificar,Completar coordenadas con Mapbox/OSM
1536,Banco Itau,banco itau,negocio_cadena,Minga Guazu,negocio,55,,,plantilla_geocodificar,Puede tener múltiples sucursales
1537,Banco GNB,banco gnb ciudad del este,negocio_cadena,Ciudad del Este,negocio,60,,,plantilla_geocodificar,Completar coordenadas con Mapbox/OSM
1538,Banco GNB,bancognb ciudad del este,negocio_cadena,Ciudad del Este,negocio,60,,,plantilla_geocodificar,Completar coordenadas con Mapbox/OSM
1539,Banco GNB,banco gnb,negocio_cadena,Ciudad del Este,negocio,55,,,plantilla_geocodificar,Puede tener múltiples sucursales
1540,Banco GNB,banco gnb presidente franco,negocio_cadena,Presidente Franco,negocio,60,,,plantilla_geocodificar,Completar coordenadas con Mapbox/OSM
1541,Banco GNB,bancognb presidente franco,negocio_cadena,Presidente Franco,negocio,60,,,plantilla_geocodificar,Completar coordenadas con Mapbox/OSM
1542,Banco GNB,banco gnb,negocio_cadena,Presidente Franco,negocio,55,,,plantilla_geocodificar,Puede tener múltiples sucursales
1543,Banco GNB,banco gnb hernandarias,negocio_cadena,Hernandarias,negocio,60,,,plantilla_geocodificar,Completar coordenadas con Mapbox/OSM
1544,Banco GNB,bancognb hernandarias,negocio_cadena,Hernandarias,negocio,60,,,plantilla_geocodificar,Completar coordenadas con Mapbox/OSM
1545,Banco GNB,banco gnb,negocio_cadena,Hernandarias,negocio,55,,,plantilla_geocodificar,Puede tener múltiples sucursales
1546,Banco GNB,banco gnb minga guazu,negocio_cadena,Minga Guazu,negocio,60,,,plantilla_geocodificar,Completar coordenadas con Mapbox/OSM
1547,Banco GNB,bancognb minga guazu,negocio_cadena,Minga Guazu,negocio,60,,,plantilla_geocodificar,Completar coordenadas con Mapbox/OSM
1548,Banco GNB,banco gnb,negocio_cadena,Minga Guazu,negocio,55,,,plantilla_geocodificar,Puede tener múltiples sucursales
1549,Sudameris,sudameris ciudad del este,negocio_cadena,Ciudad del Este,negocio,60,,,plantilla_geocodificar,Completar coordenadas con Mapbox/OSM
1550,Sudameris,sudameris,negocio_cadena,Ciudad del Este,negocio,55,,,plantilla_geocodificar,Puede tener múltiples sucursales
1551,Sudameris,sudameris presidente franco,negocio_cadena,Presidente Franco,negocio,60,,,plantilla_geocodificar,Completar coordenadas con Mapbox/OSM
1552,Sudameris,sudameris,negocio_cadena,Presidente Franco,negocio,55,,,plantilla_geocodificar,Puede tener múltiples sucursales
1553,Sudameris,sudameris hernandarias,negocio_cadena,Hernandarias,negocio,60,,,plantilla_geocodificar,Completar coordenadas con Mapbox/OSM
1554,Sudameris,sudameris,negocio_cadena,Hernandarias,negocio,55,,,plantilla_geocodificar,Puede tener múltiples sucursales
1555,Sudameris,sudameris minga guazu,negocio_cadena,Minga Guazu,negocio,60,,,plantilla_geocodificar,Completar coordenadas con Mapbox/OSM
1556,Sudameris,sudameris,negocio_cadena,Minga Guazu,negocio,55,,,plantilla_geocodificar,Puede tener múltiples sucursales
1557,Banco Atlas,banco atlas ciudad del este,negocio_cadena,Ciudad del Este,negocio,60,,,plantilla_geocodificar,Completar coordenadas con Mapbox/OSM
1558,Banco Atlas,bancoatlas ciudad del este,negocio_cadena,Ciudad del Este,negocio,60,,,plantilla_geocodificar,Completar coordenadas con Mapbox/OSM
1559,Banco Atlas,banco atlas,negocio_cadena,Ciudad del Este,negocio,55,,,plantilla_geocodificar,Puede tener múltiples sucursales
1560,Banco Atlas,banco atlas presidente franco,negocio_cadena,Presidente Franco,negocio,60,,,plantilla_geocodificar,Completar coordenadas con Mapbox/OSM
1561,Banco Atlas,bancoatlas presidente franco,negocio_cadena,Presidente Franco,negocio,60,,,plantilla_geocodificar,Completar coordenadas con Mapbox/OSM
1562,Banco Atlas,banco atlas,negocio_cadena,Presidente Franco,negocio,55,,,plantilla_geocodificar,Puede tener múltiples sucursales
1563,Banco Atlas,banco atlas hernandarias,negocio_cadena,Hernandarias,negocio,60,,,plantilla_geocodificar,Completar coordenadas con Mapbox/OSM
1564,Banco Atlas,bancoatlas hernandarias,negocio_cadena,Hernandarias,negocio,60,,,plantilla_geocodificar,Completar coordenadas con Mapbox/OSM
1565,Banco Atlas,banco atlas,negocio_cadena,Hernandarias,negocio,55,,,plantilla_geocodificar,Puede tener múltiples sucursales
1566,Banco Atlas,banco atlas minga guazu,negocio_cadena,Minga Guazu,negocio,60,,,plantilla_geocodificar,Completar coordenadas con Mapbox/OSM
1567,Banco Atlas,bancoatlas minga guazu,negocio_cadena,Minga Guazu,negocio,60,,,plantilla_geocodificar,Completar coordenadas con Mapbox/OSM
1568,Banco Atlas,banco atlas,negocio_cadena,Minga Guazu,negocio,55,,,plantilla_geocodificar,Puede tener múltiples sucursales
1569,Vision Banco,vision banco ciudad del este,negocio_cadena,Ciudad del Este,negocio,60,,,plantilla_geocodificar,Completar coordenadas con Mapbox/OSM
1570,Vision Banco,visionbanco ciudad del este,negocio_cadena,Ciudad del Este,negocio,60,,,plantilla_geocodificar,Completar coordenadas con Mapbox/OSM
1571,Vision Banco,vision banco,negocio_cadena,Ciudad del Este,negocio,55,,,plantilla_geocodificar,Puede tener múltiples sucursales
1572,Vision Banco,vision banco presidente franco,negocio_cadena,Presidente Franco,negocio,60,,,plantilla_geocodificar,Completar coordenadas con Mapbox/OSM
1573,Vision Banco,visionbanco presidente franco,negocio_cadena,Presidente Franco,negocio,60,,,plantilla_geocodificar,Completar coordenadas con Mapbox/OSM
1574,Vision Banco,vision banco,negocio_cadena,Presidente Franco,negocio,55,,,plantilla_geocodificar,Puede tener múltiples sucursales
1575,Vision Banco,vision banco hernandarias,negocio_cadena,Hernandarias,negocio,60,,,plantilla_geocodificar,Completar coordenadas con Mapbox/OSM
1576,Vision Banco,visionbanco hernandarias,negocio_cadena,Hernandarias,negocio,60,,,plantilla_geocodificar,Completar coordenadas con Mapbox/OSM
1577,Vision Banco,vision banco,negocio_cadena,Hernandarias,negocio,55,,,plantilla_geocodificar,Puede tener múltiples sucursales
1578,Vision Banco,vision banco minga guazu,negocio_cadena,Minga Guazu,negocio,60,,,plantilla_geocodificar,Completar coordenadas con Mapbox/OSM
1579,Vision Banco,visionbanco minga guazu,negocio_cadena,Minga Guazu,negocio,60,,,plantilla_geocodificar,Completar coordenadas con Mapbox/OSM
1580,Vision Banco,vision banco,negocio_cadena,Minga Guazu,negocio,55,,,plantilla_geocodificar,Puede tener múltiples sucursales
1581,Cooperativa Universitaria,cooperativa universitaria ciudad del este,negocio_cadena,Ciudad del Este,negocio,60,,,plantilla_geocodificar,Completar coordenadas con Mapbox/OSM
1582,Cooperativa Universitaria,cooperativauniversitaria ciudad del este,negocio_cadena,Ciudad del Este,negocio,60,,,plantilla_geocodificar,Completar coordenadas con Mapbox/OSM
1583,Cooperativa Universitaria,cooperativa universitaria,negocio_cadena,Ciudad del Este,negocio,55,,,plantilla_geocodificar,Puede tener múltiples sucursales
1584,Cooperativa Universitaria,cooperativa universitaria presidente franco,negocio_cadena,Presidente Franco,negocio,60,,,plantilla_geocodificar,Completar coordenadas con Mapbox/OSM
1585,Cooperativa Universitaria,cooperativauniversitaria presidente franco,negocio_cadena,Presidente Franco,negocio,60,,,plantilla_geocodificar,Completar coordenadas con Mapbox/OSM
1586,Cooperativa Universitaria,cooperativa universitaria,negocio_cadena,Presidente Franco,negocio,55,,,plantilla_geocodificar,Puede tener múltiples sucursales
1587,Cooperativa Universitaria,cooperativa universitaria hernandarias,negocio_cadena,Hernandarias,negocio,60,,,plantilla_geocodificar,Completar coordenadas con Mapbox/OSM
1588,Cooperativa Universitaria,cooperativauniversitaria hernandarias,negocio_cadena,Hernandarias,negocio,60,,,plantilla_geocodificar,Completar coordenadas con Mapbox/OSM
1589,Cooperativa Universitaria,cooperativa universitaria,negocio_cadena,Hernandarias,negocio,55,,,plantilla_geocodificar,Puede tener múltiples sucursales
1590,Cooperativa Universitaria,cooperativa universitaria minga guazu,negocio_cadena,Minga Guazu,negocio,60,,,plantilla_geocodificar,Completar coordenadas con Mapbox/OSM
1591,Cooperativa Universitaria,cooperativauniversitaria minga guazu,negocio_cadena,Minga Guazu,negocio,60,,,plantilla_geocodificar,Completar coordenadas con Mapbox/OSM
1592,Cooperativa Universitaria,cooperativa universitaria,negocio_cadena,Minga Guazu,negocio,55,,,plantilla_geocodificar,Puede tener múltiples sucursales
1593,Aqui Pago,aqui pago ciudad del este,negocio_cadena,Ciudad del Este,negocio,60,,,plantilla_geocodificar,Completar coordenadas con Mapbox/OSM
1594,Aqui Pago,aquipago ciudad del este,negocio_cadena,Ciudad del Este,negocio,60,,,plantilla_geocodificar,Completar coordenadas con Mapbox/OSM
1595,Aqui Pago,aqui pago,negocio_cadena,Ciudad del Este,negocio,55,,,plantilla_geocodificar,Puede tener múltiples sucursales
1596,Aqui Pago,aqui pago presidente franco,negocio_cadena,Presidente Franco,negocio,60,,,plantilla_geocodificar,Completar coordenadas con Mapbox/OSM
1597,Aqui Pago,aquipago presidente franco,negocio_cadena,Presidente Franco,negocio,60,,,plantilla_geocodificar,Completar coordenadas con Mapbox/OSM
1598,Aqui Pago,aqui pago,negocio_cadena,Presidente Franco,negocio,55,,,plantilla_geocodificar,Puede tener múltiples sucursales
1599,Aqui Pago,aqui pago hernandarias,negocio_cadena,Hernandarias,negocio,60,,,plantilla_geocodificar,Completar coordenadas con Mapbox/OSM
1600,Aqui Pago,aquipago hernandarias,negocio_cadena,Hernandarias,negocio,60,,,plantilla_geocodificar,Completar coordenadas con Mapbox/OSM
1601,Aqui Pago,aqui pago,negocio_cadena,Hernandarias,negocio,55,,,plantilla_geocodificar,Puede tener múltiples sucursales
1602,Aqui Pago,aqui pago minga guazu,negocio_cadena,Minga Guazu,negocio,60,,,plantilla_geocodificar,Completar coordenadas con Mapbox/OSM
1603,Aqui Pago,aquipago minga guazu,negocio_cadena,Minga Guazu,negocio,60,,,plantilla_geocodificar,Completar coordenadas con Mapbox/OSM
1604,Aqui Pago,aqui pago,negocio_cadena,Minga Guazu,negocio,55,,,plantilla_geocodificar,Puede tener múltiples sucursales
1605,Pago Express,pago express ciudad del este,negocio_cadena,Ciudad del Este,negocio,60,,,plantilla_geocodificar,Completar coordenadas con Mapbox/OSM
1606,Pago Express,pagoexpress ciudad del este,negocio_cadena,Ciudad del Este,negocio,60,,,plantilla_geocodificar,Completar coordenadas con Mapbox/OSM
1607,Pago Express,pago express,negocio_cadena,Ciudad del Este,negocio,55,,,plantilla_geocodificar,Puede tener múltiples sucursales
1608,Pago Express,pago express presidente franco,negocio_cadena,Presidente Franco,negocio,60,,,plantilla_geocodificar,Completar coordenadas con Mapbox/OSM
1609,Pago Express,pagoexpress presidente franco,negocio_cadena,Presidente Franco,negocio,60,,,plantilla_geocodificar,Completar coordenadas con Mapbox/OSM
1610,Pago Express,pago express,negocio_cadena,Presidente Franco,negocio,55,,,plantilla_geocodificar,Puede tener múltiples sucursales
1611,Pago Express,pago express hernandarias,negocio_cadena,Hernandarias,negocio,60,,,plantilla_geocodificar,Completar coordenadas con Mapbox/OSM
1612,Pago Express,pagoexpress hernandarias,negocio_cadena,Hernandarias,negocio,60,,,plantilla_geocodificar,Completar coordenadas con Mapbox/OSM
1613,Pago Express,pago express,negocio_cadena,Hernandarias,negocio,55,,,plantilla_geocodificar,Puede tener múltiples sucursales
1614,Pago Express,pago express minga guazu,negocio_cadena,Minga Guazu,negocio,60,,,plantilla_geocodificar,Completar coordenadas con Mapbox/OSM
1615,Pago Express,pagoexpress minga guazu,negocio_cadena,Minga Guazu,negocio,60,,,plantilla_geocodificar,Completar coordenadas con Mapbox/OSM
1616,Pago Express,pago express,negocio_cadena,Minga Guazu,negocio,55,,,plantilla_geocodificar,Puede tener múltiples sucursales
1617,Tigo,tigo ciudad del este,negocio_cadena,Ciudad del Este,negocio,60,,,plantilla_geocodificar,Completar coordenadas con Mapbox/OSM
1618,Tigo,tigo,negocio_cadena,Ciudad del Este,negocio,55,,,plantilla_geocodificar,Puede tener múltiples sucursales
1619,Tigo,tigo presidente franco,negocio_cadena,Presidente Franco,negocio,60,,,plantilla_geocodificar,Completar coordenadas con Mapbox/OSM
1620,Tigo,tigo,negocio_cadena,Presidente Franco,negocio,55,,,plantilla_geocodificar,Puede tener múltiples sucursales
1621,Tigo,tigo hernandarias,negocio_cadena,Hernandarias,negocio,60,,,plantilla_geocodificar,Completar coordenadas con Mapbox/OSM
1622,Tigo,tigo,negocio_cadena,Hernandarias,negocio,55,,,plantilla_geocodificar,Puede tener múltiples sucursales
1623,Tigo,tigo minga guazu,negocio_cadena,Minga Guazu,negocio,60,,,plantilla_geocodificar,Completar coordenadas con Mapbox/OSM
1624,Tigo,tigo,negocio_cadena,Minga Guazu,negocio,55,,,plantilla_geocodificar,Puede tener múltiples sucursales
1625,Personal,personal ciudad del este,negocio_cadena,Ciudad del Este,negocio,60,,,plantilla_geocodificar,Completar coordenadas con Mapbox/OSM
1626,Personal,personal,negocio_cadena,Ciudad del Este,negocio,55,,,plantilla_geocodificar,Puede tener múltiples sucursales
1627,Personal,personal presidente franco,negocio_cadena,Presidente Franco,negocio,60,,,plantilla_geocodificar,Completar coordenadas con Mapbox/OSM
1628,Personal,personal,negocio_cadena,Presidente Franco,negocio,55,,,plantilla_geocodificar,Puede tener múltiples sucursales
1629,Personal,personal hernandarias,negocio_cadena,Hernandarias,negocio,60,,,plantilla_geocodificar,Completar coordenadas con Mapbox/OSM
1630,Personal,personal,negocio_cadena,Hernandarias,negocio,55,,,plantilla_geocodificar,Puede tener múltiples sucursales
1631,Personal,personal minga guazu,negocio_cadena,Minga Guazu,negocio,60,,,plantilla_geocodificar,Completar coordenadas con Mapbox/OSM
1632,Personal,personal,negocio_cadena,Minga Guazu,negocio,55,,,plantilla_geocodificar,Puede tener múltiples sucursales
1633,Claro,claro ciudad del este,negocio_cadena,Ciudad del Este,negocio,60,,,plantilla_geocodificar,Completar coordenadas con Mapbox/OSM
1634,Claro,claro,negocio_cadena,Ciudad del Este,negocio,55,,,plantilla_geocodificar,Puede tener múltiples sucursales
1635,Claro,claro presidente franco,negocio_cadena,Presidente Franco,negocio,60,,,plantilla_geocodificar,Completar coordenadas con Mapbox/OSM
1636,Claro,claro,negocio_cadena,Presidente Franco,negocio,55,,,plantilla_geocodificar,Puede tener múltiples sucursales
1637,Claro,claro hernandarias,negocio_cadena,Hernandarias,negocio,60,,,plantilla_geocodificar,Completar coordenadas con Mapbox/OSM
1638,Claro,claro,negocio_cadena,Hernandarias,negocio,55,,,plantilla_geocodificar,Puede tener múltiples sucursales
1639,Claro,claro minga guazu,negocio_cadena,Minga Guazu,negocio,60,,,plantilla_geocodificar,Completar coordenadas con Mapbox/OSM
1640,Claro,claro,negocio_cadena,Minga Guazu,negocio,55,,,plantilla_geocodificar,Puede tener múltiples sucursales
1641,Copaco,copaco ciudad del este,negocio_cadena,Ciudad del Este,negocio,60,,,plantilla_geocodificar,Completar coordenadas con Mapbox/OSM
1642,Copaco,copaco,negocio_cadena,Ciudad del Este,negocio,55,,,plantilla_geocodificar,Puede tener múltiples sucursales
1643,Copaco,copaco presidente franco,negocio_cadena,Presidente Franco,negocio,60,,,plantilla_geocodificar,Completar coordenadas con Mapbox/OSM
1644,Copaco,copaco,negocio_cadena,Presidente Franco,negocio,55,,,plantilla_geocodificar,Puede tener múltiples sucursales
1645,Copaco,copaco hernandarias,negocio_cadena,Hernandarias,negocio,60,,,plantilla_geocodificar,Completar coordenadas con Mapbox/OSM
1646,Copaco,copaco,negocio_cadena,Hernandarias,negocio,55,,,plantilla_geocodificar,Puede tener múltiples sucursales
1647,Copaco,copaco minga guazu,negocio_cadena,Minga Guazu,negocio,60,,,plantilla_geocodificar,Completar coordenadas con Mapbox/OSM
1648,Copaco,copaco,negocio_cadena,Minga Guazu,negocio,55,,,plantilla_geocodificar,Puede tener múltiples sucursales
1649,ANDE,ande ciudad del este,negocio_cadena,Ciudad del Este,negocio,60,,,plantilla_geocodificar,Completar coordenadas con Mapbox/OSM
1650,ANDE,ande,negocio_cadena,Ciudad del Este,negocio,55,,,plantilla_geocodificar,Puede tener múltiples sucursales
1651,ANDE,ande presidente franco,negocio_cadena,Presidente Franco,negocio,60,,,plantilla_geocodificar,Completar coordenadas con Mapbox/OSM
1652,ANDE,ande,negocio_cadena,Presidente Franco,negocio,55,,,plantilla_geocodificar,Puede tener múltiples sucursales
1653,ANDE,ande hernandarias,negocio_cadena,Hernandarias,negocio,60,,,plantilla_geocodificar,Completar coordenadas con Mapbox/OSM
1654,ANDE,ande,negocio_cadena,Hernandarias,negocio,55,,,plantilla_geocodificar,Puede tener múltiples sucursales
1655,ANDE,ande minga guazu,negocio_cadena,Minga Guazu,negocio,60,,,plantilla_geocodificar,Completar coordenadas con Mapbox/OSM
1656,ANDE,ande,negocio_cadena,Minga Guazu,negocio,55,,,plantilla_geocodificar,Puede tener múltiples sucursales
1657,ESSAP,essap ciudad del este,negocio_cadena,Ciudad del Este,negocio,60,,,plantilla_geocodificar,Completar coordenadas con Mapbox/OSM
1658,ESSAP,essap,negocio_cadena,Ciudad del Este,negocio,55,,,plantilla_geocodificar,Puede tener múltiples sucursales
1659,ESSAP,essap presidente franco,negocio_cadena,Presidente Franco,negocio,60,,,plantilla_geocodificar,Completar coordenadas con Mapbox/OSM
1660,ESSAP,essap,negocio_cadena,Presidente Franco,negocio,55,,,plantilla_geocodificar,Puede tener múltiples sucursales
1661,ESSAP,essap hernandarias,negocio_cadena,Hernandarias,negocio,60,,,plantilla_geocodificar,Completar coordenadas con Mapbox/OSM
1662,ESSAP,essap,negocio_cadena,Hernandarias,negocio,55,,,plantilla_geocodificar,Puede tener múltiples sucursales
1663,ESSAP,essap minga guazu,negocio_cadena,Minga Guazu,negocio,60,,,plantilla_geocodificar,Completar coordenadas con Mapbox/OSM
1664,ESSAP,essap,negocio_cadena,Minga Guazu,negocio,55,,,plantilla_geocodificar,Puede tener múltiples sucursales
1665,La Terminal,la terminal,coloquial_general,Paraguay,coloquial,50,,,curado_local/manual,
1666,El Centro,el centro,coloquial_general,Paraguay,coloquial,50,,,curado_local/manual,
1667,El Mercado,el mercado,coloquial_general,Paraguay,coloquial,50,,,curado_local/manual,
1668,El Abasto,el abasto,coloquial_general,Paraguay,coloquial,50,,,curado_local/manual,
1669,La Rotonda,la rotonda,coloquial_general,Paraguay,coloquial,50,,,curado_local/manual,
1670,La Frontera,la frontera,coloquial_general,Paraguay,coloquial,50,,,curado_local/manual,
1671,El Puente,el puente,coloquial_general,Paraguay,coloquial,50,,,curado_local/manual,
1672,La Aduana,la aduana,coloquial_general,Paraguay,coloquial,50,,,curado_local/manual,
1673,El Shopping,el shopping,coloquial_general,Paraguay,coloquial,50,,,curado_local/manual,
1674,El Super,el super,coloquial_general,Paraguay,coloquial,50,,,curado_local/manual,
1675,La Farmacia,la farmacia,coloquial_general,Paraguay,coloquial,50,,,curado_local/manual,
1676,La Petro,la petro,coloquial_general,Paraguay,coloquial,50,,,curado_local/manual,
1677,La Estacion,la estacion,coloquial_general,Paraguay,coloquial,50,,,curado_local/manual,
1678,La Comisaria,la comisaria,coloquial_general,Paraguay,coloquial,50,,,curado_local/manual,
1679,El Colegio,el colegio,coloquial_general,Paraguay,coloquial,50,,,curado_local/manual,
1680,La Escuela,la escuela,coloquial_general,Paraguay,coloquial,50,,,curado_local/manual,
1681,La Facu,la facu,coloquial_general,Paraguay,coloquial,50,,,curado_local/manual,
1682,La Uni,la uni,coloquial_general,Paraguay,coloquial,50,,,curado_local/manual,
1683,El Hospital,el hospital,coloquial_general,Paraguay,coloquial,50,,,curado_local/manual,
1684,El Sanatorio,el sanatorio,coloquial_general,Paraguay,coloquial,50,,,curado_local/manual,
1685,La Plaza,la plaza,coloquial_general,Paraguay,coloquial,50,,,curado_local/manual,
1686,La Cancha,la cancha,coloquial_general,Paraguay,coloquial,50,,,curado_local/manual,
1687,La Iglesia,la iglesia,coloquial_general,Paraguay,coloquial,50,,,curado_local/manual,
1688,La Costanera,la costanera,coloquial_general,Paraguay,coloquial,50,,,curado_local/manual,
1689,La Represa,la represa,coloquial_general,Paraguay,coloquial,50,,,curado_local/manual,
1690,El Aeropuerto,el aeropuerto,coloquial_general,Paraguay,coloquial,50,,,curado_local/manual,
1691,El Barrio,el barrio,coloquial_general,Paraguay,coloquial,50,,,curado_local/manual,
1692,La Parada,la parada,coloquial_general,Paraguay,coloquial,50,,,curado_local/manual,
1693,La Lomiteria,la lomiteria,coloquial_general,Paraguay,coloquial,50,,,curado_local/manual,
1694,La Despensa,la despensa,coloquial_general,Paraguay,coloquial,50,,,curado_local/manual,
1695,El Surtidor,el surtidor,coloquial_general,Paraguay,coloquial,50,,,curado_local/manual,
1696,La Bodega,la bodega,coloquial_general,Paraguay,coloquial,50,,,curado_local/manual,
1697,La Panaderia,la panaderia,coloquial_general,Paraguay,coloquial,50,,,curado_local/manual,
1698,El Motel,el motel,coloquial_general,Paraguay,coloquial,50,,,curado_local/manual,
1699,El Hotel,el hotel,coloquial_general,Paraguay,coloquial,50,,,curado_local/manual,
1700,La Galeria,la galeria,coloquial_general,Paraguay,coloquial,50,,,curado_local/manual,
1701,Km 8 Monday,km 8 monday,alias_popular,Ciudad del Este,alias,95,,,curado_local/manual,
1702,Km 8 Monday,km8monday,alias_popular,Ciudad del Este,alias,95,,,curado_local/manual,
1703,Km 9 Acaray,km 9 acaray,alias_popular,Ciudad del Este,alias,95,,,curado_local/manual,
1704,Km 9 Acaray,km9acaray,alias_popular,Ciudad del Este,alias,95,,,curado_local/manual,
1705,Km 10 Acaray,km 10 acaray,alias_popular,Ciudad del Este,alias,95,,,curado_local/manual,
1706,Km 10 Acaray,km10acaray,alias_popular,Ciudad del Este,alias,95,,,curado_local/manual,
1707,Km 12 Monday,km 12 monday,alias_popular,Ciudad del Este,alias,95,,,curado_local/manual,
1708,Km 12 Monday,km12monday,alias_popular,Ciudad del Este,alias,95,,,curado_local/manual,
1709,Km 7 Ciudad Nueva,km 7 ciudad nueva,alias_popular,Ciudad del Este,alias,95,,,curado_local/manual,
1710,Km 7 Ciudad Nueva,km7ciudadnueva,alias_popular,Ciudad del Este,alias,95,,,curado_local/manual,
1711,Km 4 Supercarretera,km 4 supercarretera,alias_popular,Ciudad del Este,alias,95,,,curado_local/manual,
1712,Km 4 Supercarretera,km4supercarretera,alias_popular,Ciudad del Este,alias,95,,,curado_local/manual,
1713,Km 5 La Blanca,km 5 blanca,alias_popular,Ciudad del Este,alias,95,,,curado_local/manual,
1714,Km 5 La Blanca,km 5 la blanca,alias_popular,Ciudad del Este,alias,95,,,curado_local/manual,
1715,Km 5 La Blanca,km5lablanca,alias_popular,Ciudad del Este,alias,95,,,curado_local/manual,
1716,Area 1 CDE,area 1 cde,alias_popular,Ciudad del Este,alias,95,,,curado_local/manual,
1717,Area 1 CDE,area1cde,alias_popular,Ciudad del Este,alias,95,,,curado_local/manual,
1718,Area 4 CDE,area 4 cde,alias_popular,Ciudad del Este,alias,95,,,curado_local/manual,
1719,Area 4 CDE,area4cde,alias_popular,Ciudad del Este,alias,95,,,curado_local/manual,
1720,Centro CDE,centro cde,alias_popular,Ciudad del Este,alias,95,,,curado_local/manual,
1721,Centro CDE,centrocde,alias_popular,Ciudad del Este,alias,95,,,curado_local/manual,
